satellite,station,start_utc,end_utc,duration_min,max_elevation_deg
TIANMU-1 21,Svalbard,2026-08-28T01:35:46Z,2026-08-28T01:40:09Z,4.4,15.8
METEOR-M2 4,Hawaii,2026-08-28T01:45:17Z,2026-08-28T01:53:46Z,8.5,24.3
FENGYUN 3H,Svalbard,2026-08-28T01:45:37Z,2026-08-28T01:56:16Z,10.6,55.3
FENGYUN 3H,Kiruna,2026-08-28T01:47:57Z,2026-08-28T01:58:46Z,10.8,77.6
DMSP 5D-3 F18 (USA 210),Svalbard,2026-08-28T01:48:18Z,2026-08-28T01:56:48Z,8.5,22.5
FENGYUN 3C,Svalbard,2026-08-28T01:50:13Z,2026-08-28T01:59:43Z,9.5,29.3
TIANMU-1 18,Kiruna,2026-08-28T01:50:31Z,2026-08-28T01:56:41Z,6.2,27.3
DMSP 5D-3 F18 (USA 210),Kiruna,2026-08-28T01:51:37Z,2026-08-28T01:59:42Z,8.1,20.6
TIANMU-1 18,Svalbard,2026-08-28T01:52:13Z,2026-08-28T01:59:25Z,7.2,75.8
FENGYUN 3C,Kiruna,2026-08-28T01:53:07Z,2026-08-28T02:02:53Z,9.8,32.6
TIANMU-1 19,Svalbard,2026-08-28T01:53:35Z,2026-08-28T01:56:57Z,3.4,12.9
METEOR-M 2,Hawaii,2026-08-28T02:00:33Z,2026-08-28T02:11:16Z,10.7,75.8
ARKTIKA-M 2,Svalbard,2026-08-28T02:01:12Z,2026-08-28T10:58:40Z,537.5,47.7
TIANMU-1 04,Kiruna,2026-08-28T02:02:49Z,2026-08-28T02:09:07Z,6.3,50.2
NOAA 21 (JPSS-2),Svalbard,2026-08-28T02:03:19Z,2026-08-28T02:14:06Z,10.8,63.0
TIANMU-1 04,Svalbard,2026-08-28T02:05:12Z,2026-08-28T02:11:41Z,6.5,72.9
TIANMU-1 22,Svalbard,2026-08-28T02:05:25Z,2026-08-28T02:08:13Z,2.8,11.9
NOAA 21 (JPSS-2),Kiruna,2026-08-28T02:05:37Z,2026-08-28T02:16:17Z,10.7,62.3
METEOR-M2 4,Svalbard,2026-08-28T02:08:20Z,2026-08-28T02:18:30Z,10.2,40.8
METEOR-M2 4,Kiruna,2026-08-28T02:10:49Z,2026-08-28T02:21:32Z,10.7,63.4
TIANMU-1 06,Kiruna,2026-08-28T02:14:41Z,2026-08-28T02:21:03Z,6.4,56.9
FENGYUN 3E,Svalbard,2026-08-28T02:16:50Z,2026-08-28T02:23:40Z,6.8,16.6
TIANMU-1 06,Svalbard,2026-08-28T02:17:08Z,2026-08-28T02:23:37Z,6.5,68.3
FENGYUN 3A,Svalbard,2026-08-28T02:19:41Z,2026-08-28T02:30:33Z,10.9,66.1
TIANMU-1 17,Kiruna,2026-08-28T02:20:27Z,2026-08-28T02:27:12Z,6.7,39.4
FENGYUN 3A,Kiruna,2026-08-28T02:21:58Z,2026-08-28T02:32:37Z,10.6,57.7
FENGYUN 3E,Kiruna,2026-08-28T02:21:59Z,2026-08-28T02:24:34Z,2.6,10.8
TIANMU-1 17,Svalbard,2026-08-28T02:22:37Z,2026-08-28T02:29:50Z,7.2,87.8
ARKTIKA-M 2,Kiruna,2026-08-28T02:23:04Z,2026-08-28T10:38:13Z,495.1,38.2
DMSP 5D-3 F17 (USA 191),Svalbard,2026-08-28T02:24:07Z,2026-08-28T02:31:08Z,7.0,16.9
METEOR-M 2,Svalbard,2026-08-28T02:24:29Z,2026-08-28T02:34:10Z,9.7,32.7
FENGYUN 3D,Hawaii,2026-08-28T02:26:29Z,2026-08-28T02:36:50Z,10.4,49.1
METEOR-M 2,Kiruna,2026-08-28T02:27:12Z,2026-08-28T02:37:21Z,10.2,41.0
DMSP 5D-3 F17 (USA 191),Kiruna,2026-08-28T02:29:18Z,2026-08-28T02:32:00Z,2.7,10.8
METEOR-M2 2,Hawaii,2026-08-28T02:33:19Z,2026-08-28T02:43:35Z,10.3,52.8
DMSP 5D-3 F16 (USA 172),Svalbard,2026-08-28T02:37:11Z,2026-08-28T02:41:39Z,4.5,12.3
TIANMU-1 05,Kiruna,2026-08-28T02:37:18Z,2026-08-28T02:43:49Z,6.5,88.1
SUOMI NPP,Svalbard,2026-08-28T02:39:35Z,2026-08-28T02:50:25Z,10.8,70.5
TIANMU-1 05,Svalbard,2026-08-28T02:39:58Z,2026-08-28T02:46:23Z,6.4,54.2
TIANMU-1 16,Kiruna,2026-08-28T02:40:47Z,2026-08-28T02:47:48Z,7.0,54.0
SUOMI NPP,Kiruna,2026-08-28T02:41:49Z,2026-08-28T02:52:14Z,10.4,50.7
TIANMU-1 16,Svalbard,2026-08-28T02:43:12Z,2026-08-28T02:50:24Z,7.2,75.0
FENGYUN 3D,Svalbard,2026-08-28T02:50:24Z,2026-08-28T03:00:14Z,9.8,34.1
FENGYUN 3D,Kiruna,2026-08-28T02:53:01Z,2026-08-28T03:03:25Z,10.4,46.2
METEOR-M2 2,Svalbard,2026-08-28T02:56:52Z,2026-08-28T03:05:49Z,9.0,26.6
NOAA 20 (JPSS-1),Svalbard,2026-08-28T02:58:52Z,2026-08-28T03:09:44Z,10.9,79.2
TIANMU-1 03,Kiruna,2026-08-28T02:59:37Z,2026-08-28T03:06:04Z,6.5,64.2
METEOR-M2 2,Kiruna,2026-08-28T02:59:45Z,2026-08-28T03:09:00Z,9.2,29.1
TIANMU-1 15,Kiruna,2026-08-28T02:59:59Z,2026-08-28T03:07:07Z,7.1,69.0
NOAA 20 (JPSS-1),Kiruna,2026-08-28T03:01:03Z,2026-08-28T03:11:08Z,10.1,41.5
TIANMU-1 03,Svalbard,2026-08-28T03:02:22Z,2026-08-28T03:08:39Z,6.3,44.6
TIANMU-1 15,Svalbard,2026-08-28T03:02:34Z,2026-08-28T03:09:43Z,7.2,66.0
TIANMU-1 05,Hawaii,2026-08-28T03:03:35Z,2026-08-28T03:05:55Z,2.3,11.6
DMSP 5D-3 F18 (USA 210),Hawaii,2026-08-28T03:05:55Z,2026-08-28T03:15:17Z,9.4,30.1
TIANMU-1 18,Kiruna,2026-08-28T03:23:11Z,2026-08-28T03:30:23Z,7.2,83.1
TIANMU-1 03,Hawaii,2026-08-28T03:24:19Z,2026-08-28T03:29:42Z,5.4,24.9
TIANMU-1 18,Svalbard,2026-08-28T03:25:54Z,2026-08-28T03:32:59Z,7.1,54.4
FENGYUN 3H,Svalbard,2026-08-28T03:26:10Z,2026-08-28T03:37:02Z,10.9,88.0
FENGYUN 3H,Kiruna,2026-08-28T03:28:18Z,2026-08-28T03:37:58Z,9.7,34.6
DMSP 5D-3 F18 (USA 210),Svalbard,2026-08-28T03:29:25Z,2026-08-28T03:39:38Z,10.2,38.8
FENGYUN 3C,Svalbard,2026-08-28T03:31:17Z,2026-08-28T03:41:57Z,10.7,51.1
METOP-B,Svalbard,2026-08-28T03:31:42Z,2026-08-28T03:32:53Z,1.2,10.2
DMSP 5D-3 F18 (USA 210),Kiruna,2026-08-28T03:31:56Z,2026-08-28T03:42:44Z,10.8,57.7
FENGYUN 3C,Kiruna,2026-08-28T03:33:42Z,2026-08-28T03:44:39Z,11.0,89.9
FENGYUN 3E,Hawaii,2026-08-28T03:33:57Z,2026-08-28T03:44:28Z,10.5,58.6
TIANMU-1 04,Kiruna,2026-08-28T03:35:15Z,2026-08-28T03:41:11Z,5.9,32.4
TIANMU-1 04,Svalbard,2026-08-28T03:38:00Z,2026-08-28T03:43:54Z,5.9,31.6
TIANMU-1 13,Svalbard,2026-08-28T03:39:27Z,2026-08-28T03:40:29Z,1.0,10.2
DMSP 5D-3 F17 (USA 191),Hawaii,2026-08-28T03:41:33Z,2026-08-28T03:52:15Z,10.7,55.7
NOAA 21 (JPSS-2),Svalbard,2026-08-28T03:43:51Z,2026-08-28T03:54:43Z,10.9,85.0
NOAA 21 (JPSS-2),Kiruna,2026-08-28T03:45:55Z,2026-08-28T03:55:11Z,9.3,30.1
TIANMU-1 06,Kiruna,2026-08-28T03:47:18Z,2026-08-28T03:53:04Z,5.8,28.8
TIANMU-1 18,Hawaii,2026-08-28T03:48:46Z,2026-08-28T03:53:49Z,5.1,18.3
METEOR-M2 4,Svalbard,2026-08-28T03:48:48Z,2026-08-28T03:59:34Z,10.8,70.1
FENGYUN 3B,Svalbard,2026-08-28T03:49:21Z,2026-08-28T03:53:08Z,3.8,11.6
TIANMU-1 06,Svalbard,2026-08-28T03:50:01Z,2026-08-28T03:55:50Z,5.8,29.6
METEOR-M2 4,Kiruna,2026-08-28T03:51:02Z,2026-08-28T04:01:25Z,10.4,51.3
METEOSAT-10 (MSG-3),Kiruna,2026-08-28T03:52:47Z,2026-08-28T19:18:09Z,925.4,17.1
TIANMU-1 17,Kiruna,2026-08-28T03:53:44Z,2026-08-28T04:00:45Z,7.0,49.9
TIANMU-1 17,Svalbard,2026-08-28T03:56:33Z,2026-08-28T04:03:26Z,6.9,41.8
FENGYUN 3E,Svalbard,2026-08-28T03:57:37Z,2026-08-28T04:06:53Z,9.3,28.1
TIANMU-1 04,Hawaii,2026-08-28T03:59:02Z,2026-08-28T04:05:15Z,6.2,56.6
DMSP 5D-3 F16 (USA 172),Hawaii,2026-08-28T03:59:14Z,2026-08-28T04:02:11Z,3.0,11.1
CYGFM02,Hawaii,2026-08-28T03:59:21Z,2026-08-28T04:05:01Z,5.7,38.8
FENGYUN 3A,Svalbard,2026-08-28T04:00:11Z,2026-08-28T04:11:07Z,10.9,82.6
FENGYUN 3E,Kiruna,2026-08-28T04:00:29Z,2026-08-28T04:10:04Z,9.6,31.3
FENGYUN 3A,Kiruna,2026-08-28T04:02:14Z,2026-08-28T04:11:25Z,9.2,28.9
METEOR-M 2,Svalbard,2026-08-28T04:05:06Z,2026-08-28T04:15:44Z,10.6,57.4
DMSP 5D-3 F17 (USA 191),Svalbard,2026-08-28T04:05:16Z,2026-08-28T04:14:43Z,9.5,28.3
METEOR-M 2,Kiruna,2026-08-28T04:07:27Z,2026-08-28T04:18:10Z,10.7,73.5
DMSP 5D-3 F17 (USA 191),Kiruna,2026-08-28T04:08:11Z,2026-08-28T04:17:54Z,9.7,31.2
CYGFM03,Hawaii,2026-08-28T04:08:33Z,2026-08-28T04:13:12Z,4.7,19.1
TIANMU-1 05,Kiruna,2026-08-28T04:10:41Z,2026-08-28T04:15:37Z,4.9,19.7
TIANMU-1 06,Hawaii,2026-08-28T04:11:03Z,2026-08-28T04:17:03Z,6.0,40.2
TIANMU-1 05,Svalbard,2026-08-28T04:13:09Z,2026-08-28T04:18:37Z,5.5,24.1
TIANMU-1 16,Kiruna,2026-08-28T04:14:34Z,2026-08-28T04:21:14Z,6.7,35.0
METEOR-M2 2,Hawaii,2026-08-28T04:17:12Z,2026-08-28T04:19:28Z,2.3,10.6
TIANMU-1 16,Svalbard,2026-08-28T04:17:20Z,2026-08-28T04:24:00Z,6.7,34.7
TIANMU-1 17,Hawaii,2026-08-28T04:18:09Z,2026-08-28T04:25:10Z,7.0,59.4
DMSP 5D-3 F16 (USA 172),Svalbard,2026-08-28T04:18:14Z,2026-08-28T04:26:13Z,8.0,19.9
SUOMI NPP,Svalbard,2026-08-28T04:20:03Z,2026-08-28T04:30:53Z,10.8,79.6
DMSP 5D-3 F16 (USA 172),Kiruna,2026-08-28T04:21:59Z,2026-08-28T04:28:41Z,6.7,16.1
SUOMI NPP,Kiruna,2026-08-28T04:22:01Z,2026-08-28T04:30:53Z,8.9,26.8
CYGFM08,Hawaii,2026-08-28T04:22:32Z,2026-08-28T04:25:43Z,3.2,13.2
TIANMU-1 14,Hawaii,2026-08-28T04:26:51Z,2026-08-28T04:32:26Z,5.6,21.9
TIANMU-1 12,Svalbard,2026-08-28T04:26:53Z,2026-08-28T04:31:02Z,4.1,14.5
TIANMU-1 12,Kiruna,2026-08-28T04:30:11Z,2026-08-28T04:33:25Z,3.2,12.5
FENGYUN 3D,Svalbard,2026-08-28T04:31:04Z,2026-08-28T04:41:47Z,10.7,59.3
TIANMU-1 11,Hawaii,2026-08-28T04:31:31Z,2026-08-28T04:37:14Z,5.7,22.9
FENGYUN 3D,Kiruna,2026-08-28T04:33:21Z,2026-08-28T04:44:04Z,10.7,67.3
TIANMU-1 03,Kiruna,2026-08-28T04:33:42Z,2026-08-28T04:37:30Z,3.8,14.5
TIANMU-1 15,Kiruna,2026-08-28T04:34:11Z,2026-08-28T04:40:27Z,6.3,27.6
TIANMU-1 05,Hawaii,2026-08-28T04:34:45Z,2026-08-28T04:38:37Z,3.9,15.2
TIANMU-1 03,Svalbard,2026-08-28T04:35:48Z,2026-08-28T04:40:51Z,5.0,20.4
TIANMU-1 15,Svalbard,2026-08-28T04:36:52Z,2026-08-28T04:43:19Z,6.5,30.5
METEOR-M2 2,Svalbard,2026-08-28T04:37:16Z,2026-08-28T04:47:33Z,10.3,46.6
TIANMU-1 16,Hawaii,2026-08-28T04:38:40Z,2026-08-28T04:45:36Z,6.9,53.5
CYGFM04,Hawaii,2026-08-28T04:39:05Z,2026-08-28T04:45:03Z,6.0,49.6
NOAA 20 (JPSS-1),Svalbard,2026-08-28T04:39:16Z,2026-08-28T04:50:04Z,10.8,74.2
METEOR-M2 2,Kiruna,2026-08-28T04:39:38Z,2026-08-28T04:50:20Z,10.7,82.4
NOAA 20 (JPSS-1),Kiruna,2026-08-28T04:41:07Z,2026-08-28T04:49:36Z,8.5,24.2
METOP-SGA1,Svalbard,2026-08-28T04:43:12Z,2026-08-28T04:47:01Z,3.8,11.7
TIANMU-1 14,Svalbard,2026-08-28T04:48:16Z,2026-08-28T04:53:12Z,4.9,17.3
TIANMU-1 13,Hawaii,2026-08-28T04:49:54Z,2026-08-28T04:56:43Z,6.8,45.8
TIANMU-1 14,Kiruna,2026-08-28T04:51:06Z,2026-08-28T04:56:03Z,5.0,17.5
CYGFM07,Hawaii,2026-08-28T04:51:28Z,2026-08-28T04:57:32Z,6.1,53.4
TIANMU-1 11,Svalbard,2026-08-28T04:53:02Z,2026-08-28T04:57:58Z,4.9,17.3
METEOR-M2 3,Svalbard,2026-08-28T04:54:58Z,2026-08-28T05:00:06Z,5.1,13.4
TIANMU-1 11,Kiruna,2026-08-28T04:55:50Z,2026-08-28T05:00:49Z,5.0,17.6
TIANMU-1 18,Kiruna,2026-08-28T04:58:01Z,2026-08-28T05:03:29Z,5.5,20.0
TIANMU-1 15,Hawaii,2026-08-28T04:58:15Z,2026-08-28T05:04:29Z,6.2,28.8
TIANMU-1 18,Svalbard,2026-08-28T05:00:27Z,2026-08-28T05:06:35Z,6.1,25.6
FENGYUN 3H,Svalbard,2026-08-28T05:06:28Z,2026-08-28T05:17:14Z,10.8,69.6
FENGYUN 3H,Kiruna,2026-08-28T05:08:11Z,2026-08-28T05:16:18Z,8.1,22.2
DMSP 5D-3 F18 (USA 210),Svalbard,2026-08-28T05:10:24Z,2026-08-28T05:21:19Z,10.9,66.6
METOP-B,Svalbard,2026-08-28T05:11:43Z,2026-08-28T05:18:01Z,6.3,15.5
TIANMU-1 04,Svalbard,2026-08-28T05:11:57Z,2026-08-28T05:15:54Z,3.9,15.0
TIANMU-1 13,Svalbard,2026-08-28T05:12:01Z,2026-08-28T05:17:29Z,5.5,20.0
FENGYUN 3C,Svalbard,2026-08-28T05:12:10Z,2026-08-28T05:23:10Z,11.0,83.6
DMSP 5D-3 F18 (USA 210),Kiruna,2026-08-28T05:12:39Z,2026-08-28T05:23:19Z,10.7,56.2
FENGYUN 3C,Kiruna,2026-08-28T05:14:23Z,2026-08-28T05:24:24Z,10.0,38.9
TIANMU-1 13,Kiruna,2026-08-28T05:14:37Z,2026-08-28T05:20:28Z,5.9,23.0
FENGYUN 3F,Svalbard,2026-08-28T05:14:46Z,2026-08-28T05:18:12Z,3.4,11.4
TIANMU-1 18,Hawaii,2026-08-28T05:22:43Z,2026-08-28T05:26:10Z,3.4,13.1
NOAA 21 (JPSS-2),Svalbard,2026-08-28T05:24:07Z,2026-08-28T05:34:52Z,10.7,67.1
TIANMU-1 06,Svalbard,2026-08-28T05:24:07Z,2026-08-28T05:27:47Z,3.7,14.2
NOAA 21 (JPSS-2),Kiruna,2026-08-28T05:25:37Z,2026-08-28T05:33:32Z,7.9,21.3
DMSP 5D-3 F17 (USA 191),Hawaii,2026-08-28T05:26:13Z,2026-08-28T05:28:43Z,2.5,10.7
METEOR-M2 4,Svalbard,2026-08-28T05:29:04Z,2026-08-28T05:39:51Z,10.8,79.5
TIANMU-1 17,Kiruna,2026-08-28T05:29:46Z,2026-08-28T05:33:15Z,3.5,13.0
FENGYUN 3B,Svalbard,2026-08-28T05:30:20Z,2026-08-28T05:37:55Z,7.6,18.5
METEOR-M2 4,Kiruna,2026-08-28T05:31:03Z,2026-08-28T05:39:54Z,8.8,26.8
TIANMU-1 17,Svalbard,2026-08-28T05:31:29Z,2026-08-28T05:36:58Z,5.5,20.2
SENTINEL-3B,Svalbard,2026-08-28T05:32:04Z,2026-08-28T05:36:18Z,4.2,12.2
CYGFM01,Hawaii,2026-08-28T05:32:19Z,2026-08-28T05:33:45Z,1.4,10.5
FENGYUN 3B,Kiruna,2026-08-28T05:34:28Z,2026-08-28T05:39:56Z,5.5,13.7
METOP-C,Svalbard,2026-08-28T05:34:48Z,2026-08-28T05:40:47Z,6.0,14.8
DMSP 5D-3 F16 (USA 172),Hawaii,2026-08-28T05:35:22Z,2026-08-28T05:46:03Z,10.7,56.9
CYGFM02,Hawaii,2026-08-28T05:36:48Z,2026-08-28T05:40:43Z,3.9,16.1
FENGYUN 3E,Svalbard,2026-08-28T05:38:20Z,2026-08-28T05:48:51Z,10.5,49.1
TIANMU-1 12,Hawaii,2026-08-28T05:38:30Z,2026-08-28T05:44:23Z,5.9,24.3
FENGYUN 3A,Svalbard,2026-08-28T05:40:26Z,2026-08-28T05:51:14Z,10.8,66.3
FENGYUN 3E,Kiruna,2026-08-28T05:40:44Z,2026-08-28T05:51:36Z,10.9,87.0
FENGYUN 3A,Kiruna,2026-08-28T05:41:51Z,2026-08-28T05:49:46Z,7.9,21.2
CYGFM03,Hawaii,2026-08-28T05:45:03Z,2026-08-28T05:50:59Z,5.9,43.1
METEOR-M 2,Svalbard,2026-08-28T05:45:32Z,2026-08-28T05:56:21Z,10.8,89.4
DMSP 5D-3 F17 (USA 191),Svalbard,2026-08-28T05:46:22Z,2026-08-28T05:57:03Z,10.7,49.2
METEOR-M 2,Kiruna,2026-08-28T05:47:41Z,2026-08-28T05:57:11Z,9.5,33.0
TIANMU-1 05,Svalbard,2026-08-28T05:47:51Z,2026-08-28T05:50:19Z,2.5,11.6
DMSP 5D-3 F17 (USA 191),Kiruna,2026-08-28T05:48:47Z,2026-08-28T05:59:49Z,11.0,85.8
TIANMU-1 16,Svalbard,2026-08-28T05:52:35Z,2026-08-28T05:57:29Z,4.9,17.2
TIANMU-1 07,Svalbard,2026-08-28T05:55:14Z,2026-08-28T05:58:09Z,2.9,12.0
CYGFM08,Hawaii,2026-08-28T05:58:21Z,2026-08-28T06:04:31Z,6.2,87.0
DMSP 5D-3 F16 (USA 172),Svalbard,2026-08-28T05:59:23Z,2026-08-28T06:09:24Z,10.0,33.9
SUOMI NPP,Svalbard,2026-08-28T06:00:15Z,2026-08-28T06:10:58Z,10.7,66.0
TIANMU-1 12,Svalbard,2026-08-28T06:00:17Z,2026-08-28T06:06:38Z,6.4,29.0
SUOMI NPP,Kiruna,2026-08-28T06:01:28Z,2026-08-28T06:09:19Z,7.8,21.0
DMSP 5D-3 F16 (USA 172),Kiruna,2026-08-28T06:02:02Z,2026-08-28T06:12:36Z,10.6,44.7
TIANMU-1 14,Hawaii,2026-08-28T06:02:11Z,2026-08-28T06:03:41Z,1.5,10.5
TIANMU-1 12,Kiruna,2026-08-28T06:02:37Z,2026-08-28T06:09:35Z,7.0,48.0
TIANMU-1 11,Hawaii,2026-08-28T06:07:29Z,2026-08-28T06:07:49Z,0.3,10.0
SENTINEL-3A,Svalbard,2026-08-28T06:10:23Z,2026-08-28T06:16:12Z,5.8,14.7
FENGYUN 3D,Svalbard,2026-08-28T06:11:34Z,2026-08-28T06:22:27Z,10.9,89.0
TIANMU-1 15,Svalbard,2026-08-28T06:12:21Z,2026-08-28T06:16:44Z,4.4,15.2
FENGYUN 3D,Kiruna,2026-08-28T06:13:36Z,2026-08-28T06:23:03Z,9.4,31.9
METEOR-M2 3,Hawaii,2026-08-28T06:14:04Z,2026-08-28T06:21:03Z,7.0,18.1
METEOSAT-9 (MSG-2),Svalbard,2026-08-28T06:14:38Z,2026-08-28T09:50:23Z,215.7,11.1
TIANMU-1 09,Svalbard,2026-08-28T06:14:58Z,2026-08-28T06:18:59Z,4.0,14.2
CYGFM04,Hawaii,2026-08-28T06:17:15Z,2026-08-28T06:20:27Z,3.2,13.4
METEOR-M2 2,Svalbard,2026-08-28T06:17:31Z,2026-08-28T06:28:14Z,10.7,78.0
TIANMU-1 09,Kiruna,2026-08-28T06:18:25Z,2026-08-28T06:21:14Z,2.8,11.9
TIANMU-1 08,Hawaii,2026-08-28T06:19:22Z,2026-08-28T06:24:23Z,5.0,18.5
NOAA 20 (JPSS-1),Svalbard,2026-08-28T06:19:25Z,2026-08-28T06:30:08Z,10.7,65.2
METEOR-M2 2,Kiruna,2026-08-28T06:19:41Z,2026-08-28T06:29:37Z,9.9,41.5
NOAA 20 (JPSS-1),Kiruna,2026-08-28T06:20:19Z,2026-08-28T06:28:11Z,7.9,21.1
TIANMU-1 14,Svalbard,2026-08-28T06:21:46Z,2026-08-28T06:28:27Z,6.7,35.0
METOP-SGA1,Svalbard,2026-08-28T06:23:43Z,2026-08-28T06:31:13Z,7.5,18.8
TIANMU-1 14,Kiruna,2026-08-28T06:24:04Z,2026-08-28T06:31:14Z,7.2,71.2
TIANMU-1 11,Svalbard,2026-08-28T06:26:31Z,2026-08-28T06:33:10Z,6.7,35.2
METOP-SGA1,Kiruna,2026-08-28T06:27:42Z,2026-08-28T06:33:22Z,5.7,14.2
TIANMU-1 11,Kiruna,2026-08-28T06:28:48Z,2026-08-28T06:35:56Z,7.1,72.6
METOP-B,Hawaii,2026-08-28T06:29:11Z,2026-08-28T06:39:04Z,9.9,39.4
CYGFM07,Hawaii,2026-08-28T06:29:55Z,2026-08-28T06:32:52Z,3.0,12.7
METEOR-M2 3,Svalbard,2026-08-28T06:35:24Z,2026-08-28T06:43:39Z,8.2,22.0
TIANMU-1 18,Svalbard,2026-08-28T06:36:22Z,2026-08-28T06:39:50Z,3.5,12.9
METEOR-M2 3,Kiruna,2026-08-28T06:38:46Z,2026-08-28T06:46:27Z,7.7,19.7
CYGFM05,Hawaii,2026-08-28T06:39:29Z,2026-08-28T06:45:14Z,5.7,31.2
TIANMU-1 08,Svalbard,2026-08-28T06:40:29Z,2026-08-28T06:45:16Z,4.8,16.8
TIANMU-1 10,Hawaii,2026-08-28T06:40:48Z,2026-08-28T06:47:23Z,6.6,37.8
TIANMU-1 08,Kiruna,2026-08-28T06:43:22Z,2026-08-28T06:48:03Z,4.7,16.4
TIANMU-1 13,Svalbard,2026-08-28T06:45:34Z,2026-08-28T06:52:27Z,6.9,41.4
FENGYUN 3H,Svalbard,2026-08-28T06:46:33Z,2026-08-28T06:57:15Z,10.7,64.8
FENGYUN 3H,Kiruna,2026-08-28T06:47:05Z,2026-08-28T06:55:03Z,8.0,21.5
FENGYUN 3B,Hawaii,2026-08-28T06:47:32Z,2026-08-28T06:58:19Z,10.8,85.2
TIANMU-1 13,Kiruna,2026-08-28T06:47:50Z,2026-08-28T06:55:02Z,7.2,84.0
DMSP 5D-3 F18 (USA 210),Svalbard,2026-08-28T06:51:12Z,2026-08-28T07:02:10Z,11.0,82.9
METOP-B,Svalbard,2026-08-28T06:52:22Z,2026-08-28T07:01:19Z,9.0,26.0
METOP-C,Hawaii,2026-08-28T06:52:42Z,2026-08-28T07:01:57Z,9.3,30.8
SENTINEL-3B,Hawaii,2026-08-28T06:52:45Z,2026-08-28T06:56:24Z,3.6,11.8
FENGYUN 3C,Svalbard,2026-08-28T06:52:49Z,2026-08-28T07:03:43Z,10.9,71.2
DMSP 5D-3 F18 (USA 210),Kiruna,2026-08-28T06:53:11Z,2026-08-28T07:02:23Z,9.2,28.7
FENGYUN 3C,Kiruna,2026-08-28T06:54:41Z,2026-08-28T07:03:05Z,8.4,23.3
METOP-B,Kiruna,2026-08-28T06:55:22Z,2026-08-28T07:04:26Z,9.1,27.0
FENGYUN 3F,Svalbard,2026-08-28T06:55:22Z,2026-08-28T07:02:39Z,7.3,18.0
FENGYUN 3F,Kiruna,2026-08-28T06:59:40Z,2026-08-28T07:04:27Z,4.8,12.8
TIANMU-1 10,Svalbard,2026-08-28T07:02:47Z,2026-08-28T07:08:07Z,5.3,19.5
NOAA 21 (JPSS-2),Svalbard,2026-08-28T07:04:12Z,2026-08-28T07:14:56Z,10.7,66.4
NOAA 21 (JPSS-2),Kiruna,2026-08-28T07:04:18Z,2026-08-28T07:12:34Z,8.3,23.0
TIANMU-1 10,Kiruna,2026-08-28T07:05:26Z,2026-08-28T07:11:05Z,5.7,21.7
TIANMU-1 07,Hawaii,2026-08-28T07:05:56Z,2026-08-28T07:12:56Z,7.0,71.7
CYGFM01,Hawaii,2026-08-28T07:07:34Z,2026-08-28T07:13:47Z,6.2,57.1
TIANMU-1 17,Svalbard,2026-08-28T07:08:23Z,2026-08-28T07:09:34Z,1.2,10.3
METEOR-M2 4,Svalbard,2026-08-28T07:09:05Z,2026-08-28T07:19:44Z,10.7,65.4
METEOR-M2 4,Kiruna,2026-08-28T07:10:22Z,2026-08-28T07:18:06Z,7.7,20.7
FENGYUN 3B,Svalbard,2026-08-28T07:11:27Z,2026-08-28T07:21:16Z,9.8,31.3
SENTINEL-3B,Svalbard,2026-08-28T07:12:13Z,2026-08-28T07:19:56Z,7.7,20.0
FENGYUN 3B,Kiruna,2026-08-28T07:14:12Z,2026-08-28T07:24:30Z,10.3,38.2
METOP-C,Svalbard,2026-08-28T07:15:27Z,2026-08-28T07:24:13Z,8.8,24.7
SENTINEL-3B,Kiruna,2026-08-28T07:15:50Z,2026-08-28T07:22:27Z,6.6,16.5
METOP-C,Kiruna,2026-08-28T07:18:33Z,2026-08-28T07:27:16Z,8.7,24.5
FENGYUN 3E,Svalbard,2026-08-28T07:18:55Z,2026-08-28T07:29:48Z,10.9,81.0
FENGYUN 3A,Kiruna,2026-08-28T07:20:27Z,2026-08-28T07:28:54Z,8.4,23.7
FENGYUN 3A,Svalbard,2026-08-28T07:20:30Z,2026-08-28T07:31:18Z,10.8,67.1
FENGYUN 3E,Kiruna,2026-08-28T07:21:06Z,2026-08-28T07:31:06Z,10.0,40.0
METEOR-M 2,Svalbard,2026-08-28T07:25:44Z,2026-08-28T07:36:26Z,10.7,67.7
TIANMU-1 09,Hawaii,2026-08-28T07:26:17Z,2026-08-28T07:32:25Z,6.1,27.8
DMSP 5D-3 F17 (USA 191),Svalbard,2026-08-28T07:27:18Z,2026-08-28T07:38:22Z,11.1,80.8
METEOR-M 2,Kiruna,2026-08-28T07:27:27Z,2026-08-28T07:35:23Z,7.9,21.5
SENTINEL-3A,Hawaii,2026-08-28T07:27:49Z,2026-08-28T07:37:05Z,9.3,32.5
TIANMU-1 07,Svalbard,2026-08-28T07:28:12Z,2026-08-28T07:34:06Z,5.9,23.6
DMSP 5D-3 F17 (USA 191),Kiruna,2026-08-28T07:29:29Z,2026-08-28T07:39:42Z,10.2,40.9
TIANMU-1 07,Kiruna,2026-08-28T07:30:39Z,2026-08-28T07:37:07Z,6.5,31.6
TIANMU-1 12,Svalbard,2026-08-28T07:33:53Z,2026-08-28T07:41:01Z,7.1,62.8
ELEKTRO-L 2,Kiruna,2026-08-28T07:34:24Z,2026-08-28T18:46:43Z,672.3,16.2
TIANMU-1 12,Kiruna,2026-08-28T07:36:11Z,2026-08-28T07:42:56Z,6.8,40.4
SUOMI NPP,Kiruna,2026-08-28T07:39:59Z,2026-08-28T07:48:37Z,8.6,25.2
SUOMI NPP,Svalbard,2026-08-28T07:40:19Z,2026-08-28T07:51:04Z,10.8,69.4
DMSP 5D-3 F16 (USA 172),Svalbard,2026-08-28T07:40:27Z,2026-08-28T07:51:22Z,10.9,58.6
METOP-SGA1,Hawaii,2026-08-28T07:40:28Z,2026-08-28T07:51:08Z,10.7,76.3
DMSP 5D-3 F16 (USA 172),Kiruna,2026-08-28T07:42:44Z,2026-08-28T07:53:43Z,11.0,70.4
TIANMU-1 09,Svalbard,2026-08-28T07:48:09Z,2026-08-28T07:54:27Z,6.3,28.3
TIANMU-1 09,Kiruna,2026-08-28T07:50:31Z,2026-08-28T07:57:25Z,6.9,45.4
SENTINEL-3A,Svalbard,2026-08-28T07:50:37Z,2026-08-28T07:59:15Z,8.6,24.6
FENGYUN 3D,Svalbard,2026-08-28T07:51:50Z,2026-08-28T08:02:36Z,10.8,69.9
METEOR-M2 3,Hawaii,2026-08-28T07:52:24Z,2026-08-28T08:01:53Z,9.5,33.5
FENGYUN 3D,Kiruna,2026-08-28T07:53:18Z,2026-08-28T08:01:24Z,8.1,22.1
TIANMU-1 08,Hawaii,2026-08-28T07:53:24Z,2026-08-28T07:56:29Z,3.1,12.4
SENTINEL-3A,Kiruna,2026-08-28T07:53:41Z,2026-08-28T08:02:18Z,8.6,24.7
TIANMU-1 14,Svalbard,2026-08-28T07:55:24Z,2026-08-28T08:02:35Z,7.2,75.9
METEOR-M2 2,Svalbard,2026-08-28T07:57:34Z,2026-08-28T08:08:13Z,10.7,75.1
TIANMU-1 14,Kiruna,2026-08-28T07:57:44Z,2026-08-28T08:04:05Z,6.4,30.2
NOAA 20 (JPSS-1),Kiruna,2026-08-28T07:58:42Z,2026-08-28T08:07:44Z,9.0,28.1
METEOR-M2 2,Kiruna,2026-08-28T07:59:24Z,2026-08-28T08:07:46Z,8.4,24.1
NOAA 20 (JPSS-1),Svalbard,2026-08-28T07:59:29Z,2026-08-28T08:10:17Z,10.8,72.9
TIANMU-1 11,Svalbard,2026-08-28T08:00:06Z,2026-08-28T08:07:17Z,7.2,76.6
TIANMU-1 11,Kiruna,2026-08-28T08:02:27Z,2026-08-28T08:08:45Z,6.3,29.7
METOP-SGA1,Svalbard,2026-08-28T08:04:23Z,2026-08-28T08:14:01Z,9.6,32.2
METOP-SGA1,Kiruna,2026-08-28T08:07:05Z,2026-08-28T08:17:13Z,10.1,40.3
METOP-B,Hawaii,2026-08-28T08:11:08Z,2026-08-28T08:17:10Z,6.0,15.2
FENGYUN 3F,Hawaii,2026-08-28T08:12:16Z,2026-08-28T08:23:00Z,10.7,84.5
TIANMU-1 08,Svalbard,2026-08-28T08:13:46Z,2026-08-28T08:20:22Z,6.6,34.0
METEOR-M2 3,Svalbard,2026-08-28T08:15:53Z,2026-08-28T08:25:52Z,10.0,38.2
TIANMU-1 08,Kiruna,2026-08-28T08:16:04Z,2026-08-28T08:23:11Z,7.1,66.7
CYGFM05,Hawaii,2026-08-28T08:17:03Z,2026-08-28T08:22:13Z,5.2,22.9
METEOR-M2 3,Kiruna,2026-08-28T08:18:26Z,2026-08-28T08:28:57Z,10.5,55.9
TIANMU-1 13,Svalbard,2026-08-28T08:19:11Z,2026-08-28T08:26:24Z,7.2,87.5
TIANMU-1 13,Kiruna,2026-08-28T08:21:35Z,2026-08-28T08:27:29Z,5.9,24.4
FENGYUN 3H,Kiruna,2026-08-28T08:25:24Z,2026-08-28T08:34:49Z,9.4,31.8
FENGYUN 3H,Svalbard,2026-08-28T08:26:36Z,2026-08-28T08:37:25Z,10.8,76.7
SENTINEL-3B,Hawaii,2026-08-28T08:28:44Z,2026-08-28T08:38:53Z,10.2,50.1
DMSP 5D-3 F18 (USA 210),Svalbard,2026-08-28T08:31:46Z,2026-08-28T08:42:36Z,10.8,67.6
METOP-B,Svalbard,2026-08-28T08:33:01Z,2026-08-28T08:43:21Z,10.3,45.5
DMSP 5D-3 F18 (USA 210),Kiruna,2026-08-28T08:33:03Z,2026-08-28T08:41:06Z,8.1,21.6
FENGYUN 3C,Svalbard,2026-08-28T08:33:13Z,2026-08-28T08:44:02Z,10.8,63.5
METOP-C,Hawaii,2026-08-28T08:33:28Z,2026-08-28T08:41:04Z,7.6,19.8
FENGYUN 3C,Kiruna,2026-08-28T08:34:03Z,2026-08-28T08:41:58Z,7.9,20.9
METOP-B,Kiruna,2026-08-28T08:35:27Z,2026-08-28T08:46:14Z,10.8,76.6
TIANMU-1 10,Svalbard,2026-08-28T08:36:08Z,2026-08-28T08:42:56Z,6.8,40.2
FENGYUN 3F,Svalbard,2026-08-28T08:36:09Z,2026-08-28T08:45:41Z,9.5,30.6
TIANMU-1 10,Kiruna,2026-08-28T08:38:25Z,2026-08-28T08:45:34Z,7.2,88.6
FENGYUN 3F,Kiruna,2026-08-28T08:38:55Z,2026-08-28T08:48:53Z,10.0,36.6
NOAA 21 (JPSS-2),Kiruna,2026-08-28T08:42:42Z,2026-08-28T08:52:33Z,9.9,37.2
NOAA 21 (JPSS-2),Svalbard,2026-08-28T08:44:19Z,2026-08-28T08:55:11Z,10.9,82.8
CYGFM01,Hawaii,2026-08-28T08:46:20Z,2026-08-28T08:49:13Z,2.9,12.5
METEOR-M2 4,Kiruna,2026-08-28T08:48:41Z,2026-08-28T08:57:10Z,8.5,24.4
METEOR-M2 4,Svalbard,2026-08-28T08:48:56Z,2026-08-28T08:59:38Z,10.7,68.2
SENTINEL-3B,Svalbard,2026-08-28T08:52:30Z,2026-08-28T09:02:09Z,9.7,34.6
FENGYUN 3B,Svalbard,2026-08-28T08:52:31Z,2026-08-28T09:03:23Z,10.9,54.1
FENGYUN 3B,Kiruna,2026-08-28T08:54:50Z,2026-08-28T09:05:56Z,11.1,80.6
SENTINEL-3B,Kiruna,2026-08-28T08:55:06Z,2026-08-28T09:05:19Z,10.2,46.9
METOP-C,Svalbard,2026-08-28T08:56:06Z,2026-08-28T09:06:21Z,10.3,43.0
METOP-C,Kiruna,2026-08-28T08:58:34Z,2026-08-28T09:09:19Z,10.8,69.4
FENGYUN 3A,Kiruna,2026-08-28T08:58:53Z,2026-08-28T09:08:56Z,10.0,39.7
FENGYUN 3E,Svalbard,2026-08-28T08:59:17Z,2026-08-28T09:10:05Z,10.8,73.2
FENGYUN 3A,Svalbard,2026-08-28T09:00:38Z,2026-08-28T09:11:34Z,10.9,84.9
FENGYUN 3E,Kiruna,2026-08-28T09:01:07Z,2026-08-28T09:09:31Z,8.4,23.8
TIANMU-1 07,Svalbard,2026-08-28T09:01:36Z,2026-08-28T09:08:35Z,7.0,50.2
TIANMU-1 07,Kiruna,2026-08-28T09:03:52Z,2026-08-28T09:10:54Z,7.0,59.0
METEOR-M 2,Svalbard,2026-08-28T09:05:42Z,2026-08-28T09:16:21Z,10.6,63.6
METEOR-M 2,Kiruna,2026-08-28T09:06:13Z,2026-08-28T09:14:05Z,7.9,21.2
TIANMU-1 12,Svalbard,2026-08-28T09:07:27Z,2026-08-28T09:14:35Z,7.1,67.9
DMSP 5D-3 F17 (USA 191),Svalbard,2026-08-28T09:08:00Z,2026-08-28T09:19:00Z,11.0,73.6
SENTINEL-3A,Hawaii,2026-08-28T09:08:33Z,2026-08-28T09:15:34Z,7.0,18.1
DMSP 5D-3 F17 (USA 191),Kiruna,2026-08-28T09:09:50Z,2026-08-28T09:18:28Z,8.6,24.3
TIANMU-1 12,Kiruna,2026-08-28T09:10:06Z,2026-08-28T09:14:31Z,4.4,15.7
SUOMI NPP,Kiruna,2026-08-28T09:18:31Z,2026-08-28T09:28:44Z,10.2,45.0
SUOMI NPP,Svalbard,2026-08-28T09:20:31Z,2026-08-28T09:31:23Z,10.9,89.6
DMSP 5D-3 F16 (USA 172),Svalbard,2026-08-28T09:21:19Z,2026-08-28T09:32:25Z,11.1,90.0
TIANMU-1 09,Svalbard,2026-08-28T09:21:35Z,2026-08-28T09:28:41Z,7.1,61.4
DMSP 5D-3 F16 (USA 172),Kiruna,2026-08-28T09:23:23Z,2026-08-28T09:33:07Z,9.7,33.3
TIANMU-1 09,Kiruna,2026-08-28T09:23:53Z,2026-08-28T09:30:39Z,6.8,41.9
TIANMU-1 14,Svalbard,2026-08-28T09:28:55Z,2026-08-28T09:36:00Z,7.1,59.4
SENTINEL-3A,Svalbard,2026-08-28T09:30:53Z,2026-08-28T09:41:00Z,10.1,43.2
TIANMU-1 14,Kiruna,2026-08-28T09:31:45Z,2026-08-28T09:35:15Z,3.5,13.2
FENGYUN 3D,Svalbard,2026-08-28T09:31:54Z,2026-08-28T09:42:39Z,10.8,68.3
FENGYUN 3D,Kiruna,2026-08-28T09:32:02Z,2026-08-28T09:40:23Z,8.3,23.4
SENTINEL-3A,Kiruna,2026-08-28T09:33:20Z,2026-08-28T09:43:55Z,10.6,71.1
TIANMU-1 11,Svalbard,2026-08-28T09:33:37Z,2026-08-28T09:40:40Z,7.1,58.9
TIANMU-1 11,Kiruna,2026-08-28T09:36:28Z,2026-08-28T09:39:52Z,3.4,13.0
METEOR-M2 2,Svalbard,2026-08-28T09:37:23Z,2026-08-28T09:47:57Z,10.6,65.9
NOAA 20 (JPSS-1),Kiruna,2026-08-28T09:37:27Z,2026-08-28T09:47:59Z,10.5,55.3
METEOR-M2 2,Kiruna,2026-08-28T09:38:16Z,2026-08-28T09:46:01Z,7.7,21.0
NOAA 20 (JPSS-1),Svalbard,2026-08-28T09:39:46Z,2026-08-28T09:50:39Z,10.9,81.8
METOP-SGA1,Svalbard,2026-08-28T09:44:59Z,2026-08-28T09:55:35Z,10.6,56.4
TIANMU-1 08,Svalbard,2026-08-28T09:47:12Z,2026-08-28T09:54:21Z,7.2,74.1
METOP-SGA1,Kiruna,2026-08-28T09:47:19Z,2026-08-28T09:58:03Z,10.7,74.9
TIANMU-1 08,Kiruna,2026-08-28T09:49:33Z,2026-08-28T09:55:55Z,6.4,31.3
TIANMU-1 13,Svalbard,2026-08-28T09:52:41Z,2026-08-28T09:59:43Z,7.0,53.9
TIANMU-1 13,Kiruna,2026-08-28T09:55:43Z,2026-08-28T09:58:18Z,2.6,11.6
METEOR-M2 3,Svalbard,2026-08-28T09:56:16Z,2026-08-28T10:06:56Z,10.7,66.5
METEOR-M2 3,Kiruna,2026-08-28T09:58:32Z,2026-08-28T10:08:59Z,10.4,56.4
FENGYUN 3H,Kiruna,2026-08-28T10:04:24Z,2026-08-28T10:15:08Z,10.7,68.2
FENGYUN 3H,Svalbard,2026-08-28T10:06:59Z,2026-08-28T10:17:50Z,10.8,74.3
TIANMU-1 10,Svalbard,2026-08-28T10:09:33Z,2026-08-28T10:16:44Z,7.2,85.9
DMSP 5D-3 F18 (USA 210),Kiruna,2026-08-28T10:11:57Z,2026-08-28T10:20:37Z,8.7,24.9
TIANMU-1 10,Kiruna,2026-08-28T10:11:57Z,2026-08-28T10:17:54Z,5.9,25.1
DMSP 5D-3 F18 (USA 210),Svalbard,2026-08-28T10:12:09Z,2026-08-28T10:23:00Z,10.9,69.5
FENGYUN 3C,Kiruna,2026-08-28T10:12:39Z,2026-08-28T10:21:53Z,9.2,28.7
METOP-B,Svalbard,2026-08-28T10:13:31Z,2026-08-28T10:24:19Z,10.8,76.8
FENGYUN 3C,Svalbard,2026-08-28T10:13:32Z,2026-08-28T10:24:28Z,10.9,72.2
FENGYUN 3G,Hawaii,2026-08-28T10:15:13Z,2026-08-28T10:18:07Z,2.9,12.4
METOP-B,Kiruna,2026-08-28T10:15:44Z,2026-08-28T10:25:52Z,10.1,43.9
FENGYUN 3F,Svalbard,2026-08-28T10:16:52Z,2026-08-28T10:27:29Z,10.6,53.6
FENGYUN 3F,Kiruna,2026-08-28T10:19:13Z,2026-08-28T10:30:03Z,10.8,81.8
NOAA 21 (JPSS-2),Kiruna,2026-08-28T10:22:05Z,2026-08-28T10:32:56Z,10.9,85.5
NOAA 21 (JPSS-2),Svalbard,2026-08-28T10:24:53Z,2026-08-28T10:35:41Z,10.8,65.8
METEOR-M2 4,Kiruna,2026-08-28T10:27:00Z,2026-08-28T10:37:05Z,10.1,43.1
METEOR-M2 4,Svalbard,2026-08-28T10:28:55Z,2026-08-28T10:39:44Z,10.8,88.6
SENTINEL-3B,Svalbard,2026-08-28T10:32:42Z,2026-08-28T10:43:12Z,10.5,60.9
FENGYUN 3B,Svalbard,2026-08-28T10:33:24Z,2026-08-28T10:44:31Z,11.1,85.7
SENTINEL-3B,Kiruna,2026-08-28T10:35:00Z,2026-08-28T10:45:28Z,10.5,64.7
TIANMU-1 07,Svalbard,2026-08-28T10:35:00Z,2026-08-28T10:42:09Z,7.1,79.5
FENGYUN 3B,Kiruna,2026-08-28T10:35:30Z,2026-08-28T10:45:31Z,10.0,36.5
METOP-C,Svalbard,2026-08-28T10:36:37Z,2026-08-28T10:47:25Z,10.8,73.4
TIANMU-1 07,Kiruna,2026-08-28T10:37:31Z,2026-08-28T10:42:44Z,5.2,19.5
FENGYUN 3A,Kiruna,2026-08-28T10:38:24Z,2026-08-28T10:49:19Z,10.9,88.2
METOP-C,Kiruna,2026-08-28T10:38:51Z,2026-08-28T10:49:07Z,10.3,47.6
FENGYUN 3E,Svalbard,2026-08-28T10:39:24Z,2026-08-28T10:50:07Z,10.7,65.0
FENGYUN 3E,Kiruna,2026-08-28T10:40:14Z,2026-08-28T10:48:06Z,7.9,21.1
TIANMU-1 12,Svalbard,2026-08-28T10:40:50Z,2026-08-28T10:47:43Z,6.9,45.1
FENGYUN 3A,Svalbard,2026-08-28T10:41:15Z,2026-08-28T10:52:05Z,10.8,63.2
METEOR-M 2,Kiruna,2026-08-28T10:44:24Z,2026-08-28T10:53:48Z,9.4,31.8
METEOR-M 2,Svalbard,2026-08-28T10:45:39Z,2026-08-28T10:56:25Z,10.8,76.1
DMSP 5D-3 F17 (USA 191),Svalbard,2026-08-28T10:48:28Z,2026-08-28T10:59:22Z,10.9,65.3
DMSP 5D-3 F17 (USA 191),Kiruna,2026-08-28T10:49:17Z,2026-08-28T10:57:23Z,8.1,21.6
NOAA 21 (JPSS-2),Hawaii,2026-08-28T10:50:42Z,2026-08-28T10:57:13Z,6.5,16.3
TIANMU-1 09,Svalbard,2026-08-28T10:54:58Z,2026-08-28T11:02:05Z,7.1,68.5
TIANMU-1 20,Svalbard,2026-08-28T10:57:04Z,2026-08-28T11:00:49Z,3.7,13.8
TIANMU-1 09,Kiruna,2026-08-28T10:57:37Z,2026-08-28T11:02:05Z,4.5,16.0
SUOMI NPP,Kiruna,2026-08-28T10:58:18Z,2026-08-28T11:09:09Z,10.8,75.3
TIANMU-1 20,Kiruna,2026-08-28T11:00:24Z,2026-08-28T11:03:10Z,2.8,11.9
SUOMI NPP,Svalbard,2026-08-28T11:01:15Z,2026-08-28T11:11:56Z,10.7,57.1
TIANMU-1 19,Hawaii,2026-08-28T11:01:18Z,2026-08-28T11:07:11Z,5.9,26.2
DMSP 5D-3 F16 (USA 172),Svalbard,2026-08-28T11:01:58Z,2026-08-28T11:12:57Z,11.0,70.5
TIANMU-1 14,Svalbard,2026-08-28T11:02:15Z,2026-08-28T11:09:05Z,6.8,42.9
DMSP 5D-3 F16 (USA 172),Kiruna,2026-08-28T11:03:28Z,2026-08-28T11:11:50Z,8.4,22.8
TIANMU-1 21,Svalbard,2026-08-28T11:05:00Z,2026-08-28T11:08:25Z,3.4,13.1
FENGYUN 3A,Hawaii,2026-08-28T11:06:25Z,2026-08-28T11:14:16Z,7.9,20.6
TIANMU-1 11,Svalbard,2026-08-28T11:06:55Z,2026-08-28T11:13:44Z,6.8,42.7
TIANMU-1 21,Kiruna,2026-08-28T11:08:34Z,2026-08-28T11:10:31Z,2.0,10.9
FENGYUN 3D,Kiruna,2026-08-28T11:10:26Z,2026-08-28T11:20:17Z,9.8,37.2
SENTINEL-3A,Svalbard,2026-08-28T11:11:02Z,2026-08-28T11:21:39Z,10.6,74.1
FENGYUN 3D,Svalbard,2026-08-28T11:12:00Z,2026-08-28T11:22:52Z,10.9,84.1
TIANMU-1 22,Hawaii,2026-08-28T11:12:28Z,2026-08-28T11:19:04Z,6.6,41.6
SENTINEL-3A,Kiruna,2026-08-28T11:13:16Z,2026-08-28T11:23:19Z,10.1,46.0
METEOR-M2 2,Kiruna,2026-08-28T11:16:20Z,2026-08-28T11:25:14Z,8.9,28.0
METEOR-M2 2,Svalbard,2026-08-28T11:17:07Z,2026-08-28T11:27:45Z,10.6,73.6
NOAA 20 (JPSS-1),Kiruna,2026-08-28T11:17:42Z,2026-08-28T11:28:23Z,10.7,58.1
TIANMU-1 08,Svalbard,2026-08-28T11:20:33Z,2026-08-28T11:27:36Z,7.1,59.9
NOAA 20 (JPSS-1),Svalbard,2026-08-28T11:20:43Z,2026-08-28T11:31:15Z,10.5,49.8
TIANMU-1 19,Svalbard,2026-08-28T11:22:58Z,2026-08-28T11:27:48Z,4.8,17.2
TIANMU-1 08,Kiruna,2026-08-28T11:23:23Z,2026-08-28T11:26:57Z,3.6,13.4
METOP-SGA1,Svalbard,2026-08-28T11:25:24Z,2026-08-28T11:36:14Z,10.8,89.3
SUOMI NPP,Hawaii,2026-08-28T11:25:29Z,2026-08-28T11:34:52Z,9.4,30.8
TIANMU-1 19,Kiruna,2026-08-28T11:25:42Z,2026-08-28T11:30:42Z,5.0,18.1
TIANMU-1 13,Svalbard,2026-08-28T11:25:57Z,2026-08-28T11:32:46Z,6.8,41.8
METOP-SGA1,Kiruna,2026-08-28T11:27:32Z,2026-08-28T11:37:05Z,9.5,33.6
TIANMU-1 22,Svalbard,2026-08-28T11:34:32Z,2026-08-28T11:39:42Z,5.2,18.9
METEOR-M2 3,Svalbard,2026-08-28T11:36:27Z,2026-08-28T11:47:11Z,10.7,81.7
TIANMU-1 22,Kiruna,2026-08-28T11:37:08Z,2026-08-28T11:42:41Z,5.6,21.5
METEOR-M2 3,Kiruna,2026-08-28T11:38:31Z,2026-08-28T11:47:27Z,8.9,28.0
TIANMU-1 10,Svalbard,2026-08-28T11:42:52Z,2026-08-28T11:49:52Z,7.0,54.1
NOAA 20 (JPSS-1),Hawaii,2026-08-28T11:44:05Z,2026-08-28T11:54:41Z,10.6,60.2
FENGYUN 3H,Kiruna,2026-08-28T11:45:07Z,2026-08-28T11:55:29Z,10.4,45.1
TIANMU-1 10,Kiruna,2026-08-28T11:45:55Z,2026-08-28T11:48:34Z,2.6,11.7
FENGYUN 3H,Svalbard,2026-08-28T11:48:07Z,2026-08-28T11:58:28Z,10.3,43.8
FENGYUN 3G,Hawaii,2026-08-28T11:50:19Z,2026-08-28T11:55:55Z,5.6,25.8
DMSP 5D-3 F18 (USA 210),Kiruna,2026-08-28T11:50:46Z,2026-08-28T12:00:59Z,10.2,42.9
FENGYUN 3C,Kiruna,2026-08-28T11:51:42Z,2026-08-28T12:02:27Z,10.7,57.6
DMSP 5D-3 F18 (USA 210),Svalbard,2026-08-28T11:52:39Z,2026-08-28T12:03:37Z,11.0,88.8
METOP-B,Svalbard,2026-08-28T11:53:49Z,2026-08-28T12:04:34Z,10.7,75.0
FENGYUN 3C,Svalbard,2026-08-28T11:54:07Z,2026-08-28T12:05:08Z,11.0,81.8
METOP-B,Kiruna,2026-08-28T11:55:45Z,2026-08-28T12:04:15Z,8.5,24.6
FENGYUN 3F,Svalbard,2026-08-28T11:57:25Z,2026-08-28T12:08:18Z,10.9,86.2
FENGYUN 3F,Kiruna,2026-08-28T11:59:34Z,2026-08-28T12:09:20Z,9.8,36.0
NOAA 21 (JPSS-2),Kiruna,2026-08-28T12:03:24Z,2026-08-28T12:13:15Z,9.9,34.7
NOAA 21 (JPSS-2),Svalbard,2026-08-28T12:06:17Z,2026-08-28T12:16:22Z,10.1,38.0
METEOR-M2 4,Kiruna,2026-08-28T12:06:31Z,2026-08-28T12:17:17Z,10.8,78.7
TIANMU-1 07,Svalbard,2026-08-28T12:08:16Z,2026-08-28T12:15:10Z,6.9,48.3
TIANMU-1 20,Hawaii,2026-08-28T12:08:20Z,2026-08-28T12:13:53Z,5.5,22.7
METEOR-M2 4,Svalbard,2026-08-28T12:09:26Z,2026-08-28T12:20:04Z,10.6,58.7
FENGYUN 3H,Hawaii,2026-08-28T12:11:04Z,2026-08-28T12:21:45Z,10.7,71.8
TIANMU-1 07,Kiruna,2026-08-28T12:12:05Z,2026-08-28T12:12:31Z,0.4,10.0
SENTINEL-3B,Svalbard,2026-08-28T12:12:44Z,2026-08-28T12:23:22Z,10.6,86.0
TIANMU-1 12,Svalbard,2026-08-28T12:14:00Z,2026-08-28T12:20:48Z,6.8,41.6
FENGYUN 3B,Svalbard,2026-08-28T12:14:04Z,2026-08-28T12:25:04Z,11.0,72.1
SENTINEL-3B,Kiruna,2026-08-28T12:14:51Z,2026-08-28T12:23:56Z,9.1,30.2
FENGYUN 3B,Kiruna,2026-08-28T12:15:42Z,2026-08-28T12:24:13Z,8.5,23.5
TIANMU-1 21,Hawaii,2026-08-28T12:15:55Z,2026-08-28T12:21:43Z,5.8,26.1
METOP-C,Svalbard,2026-08-28T12:16:56Z,2026-08-28T12:27:42Z,10.8,77.2
FENGYUN 3E,Kiruna,2026-08-28T12:18:34Z,2026-08-28T12:27:41Z,9.1,28.7
METOP-C,Kiruna,2026-08-28T12:18:54Z,2026-08-28T12:27:35Z,8.7,25.7
FENGYUN 3E,Svalbard,2026-08-28T12:19:26Z,2026-08-28T12:30:14Z,10.8,73.5
FENGYUN 3A,Kiruna,2026-08-28T12:19:55Z,2026-08-28T12:29:36Z,9.7,32.0
FENGYUN 3A,Svalbard,2026-08-28T12:22:45Z,2026-08-28T12:32:47Z,10.0,36.4
METEOR-M 2,Kiruna,2026-08-28T12:23:19Z,2026-08-28T12:34:02Z,10.7,69.2
METEOR-M 2,Svalbard,2026-08-28T12:25:56Z,2026-08-28T12:36:45Z,10.8,74.3
DMSP 5D-3 F17 (USA 191),Kiruna,2026-08-28T12:27:58Z,2026-08-28T12:37:18Z,9.3,29.2
TIANMU-1 09,Svalbard,2026-08-28T12:28:10Z,2026-08-28T12:35:01Z,6.9,44.8
DMSP 5D-3 F17 (USA 191),Svalbard,2026-08-28T12:28:50Z,2026-08-28T12:39:50Z,11.0,73.6
NOAA 21 (JPSS-2),Hawaii,2026-08-28T12:29:10Z,2026-08-28T12:39:01Z,9.8,37.5
TIANMU-1 20,Svalbard,2026-08-28T12:29:59Z,2026-08-28T12:36:06Z,6.1,27.7
TIANMU-1 20,Kiruna,2026-08-28T12:32:18Z,2026-08-28T12:39:03Z,6.8,46.5
METEOR-M2 4,Hawaii,2026-08-28T12:33:48Z,2026-08-28T12:42:50Z,9.0,27.9
TIANMU-1 14,Svalbard,2026-08-28T12:35:22Z,2026-08-28T12:42:12Z,6.8,42.9
TIANMU-1 21,Svalbard,2026-08-28T12:37:42Z,2026-08-28T12:43:39Z,6.0,26.4
TIANMU-1 11,Svalbard,2026-08-28T12:40:00Z,2026-08-28T12:46:49Z,6.8,42.9
TIANMU-1 21,Kiruna,2026-08-28T12:40:01Z,2026-08-28T12:46:38Z,6.6,42.8
SUOMI NPP,Kiruna,2026-08-28T12:40:16Z,2026-08-28T12:49:20Z,9.1,26.7
DMSP 5D-3 F16 (USA 172),Svalbard,2026-08-28T12:42:24Z,2026-08-28T12:53:22Z,11.0,68.3
DMSP 5D-3 F16 (USA 172),Kiruna,2026-08-28T12:42:35Z,2026-08-28T12:51:08Z,8.5,23.7
SUOMI NPP,Svalbard,2026-08-28T12:42:56Z,2026-08-28T12:52:39Z,9.7,32.7
FENGYUN 3A,Hawaii,2026-08-28T12:45:45Z,2026-08-28T12:55:03Z,9.3,30.2
FENGYUN 3D,Kiruna,2026-08-28T12:49:45Z,2026-08-28T13:00:36Z,10.9,84.3
SENTINEL-3A,Svalbard,2026-08-28T12:50:59Z,2026-08-28T13:01:34Z,10.6,76.2
FENGYUN 3D,Svalbard,2026-08-28T12:52:32Z,2026-08-28T13:03:19Z,10.8,65.1
SENTINEL-3A,Kiruna,2026-08-28T12:52:58Z,2026-08-28T13:01:24Z,8.4,24.9
TIANMU-1 08,Svalbard,2026-08-28T12:53:42Z,2026-08-28T13:00:29Z,6.8,42.5
METEOR-M2 2,Kiruna,2026-08-28T12:54:45Z,2026-08-28T13:05:08Z,10.4,55.2
TIANMU-1 19,Svalbard,2026-08-28T12:56:07Z,2026-08-28T13:02:40Z,6.5,35.3
METEOR-M2 2,Svalbard,2026-08-28T12:57:04Z,2026-08-28T13:07:47Z,10.7,80.8
TIANMU-1 19,Kiruna,2026-08-28T12:58:23Z,2026-08-28T13:05:25Z,7.0,76.2
TIANMU-1 13,Svalbard,2026-08-28T12:59:02Z,2026-08-28T13:05:55Z,6.9,44.9
TIANMU-1 13,Kiruna,2026-08-28T13:00:08Z,2026-08-28T13:02:16Z,2.1,11.1
NOAA 20 (JPSS-1),Kiruna,2026-08-28T13:00:24Z,2026-08-28T13:08:24Z,8.0,20.6
NOAA 20 (JPSS-1),Svalbard,2026-08-28T13:02:41Z,2026-08-28T13:12:00Z,9.3,28.5
METOP-SGA1,Svalbard,2026-08-28T13:05:36Z,2026-08-28T13:16:18Z,10.7,68.8
SUOMI NPP,Hawaii,2026-08-28T13:06:14Z,2026-08-28T13:13:55Z,7.7,20.3
METOP-SGA1,Kiruna,2026-08-28T13:07:18Z,2026-08-28T13:15:18Z,8.0,21.8
TIANMU-1 22,Svalbard,2026-08-28T13:07:45Z,2026-08-28T13:14:26Z,6.7,39.1
TIANMU-1 22,Kiruna,2026-08-28T13:10:00Z,2026-08-28T13:17:04Z,7.1,88.4
TIANMU-1 10,Svalbard,2026-08-28T13:15:57Z,2026-08-28T13:22:44Z,6.8,41.2
METEOR-M2 3,Svalbard,2026-08-28T13:16:24Z,2026-08-28T13:26:59Z,10.6,65.3
METEOR-M2 3,Kiruna,2026-08-28T13:17:51Z,2026-08-28T13:25:29Z,7.6,20.4
FENGYUN 3D,Hawaii,2026-08-28T13:18:57Z,2026-08-28T13:24:19Z,5.4,13.9
ARKTIKA-M 2,Kiruna,2026-08-28T13:19:20Z,2026-08-28T23:35:12Z,615.9,69.6
ARKTIKA-M 2,Svalbard,2026-08-28T13:26:20Z,2026-08-28T23:27:29Z,601.2,68.4
FENGYUN 3H,Kiruna,2026-08-28T13:28:38Z,2026-08-28T13:35:11Z,6.6,16.0
NOAA 20 (JPSS-1),Hawaii,2026-08-28T13:28:48Z,2026-08-28T13:29:15Z,0.4,10.0
FENGYUN 3H,Svalbard,2026-08-28T13:30:21Z,2026-08-28T13:39:13Z,8.9,25.1
DMSP 5D-3 F18 (USA 210),Kiruna,2026-08-28T13:30:45Z,2026-08-28T13:41:41Z,10.9,80.7
FENGYUN 3C,Kiruna,2026-08-28T13:32:20Z,2026-08-28T13:43:09Z,10.8,55.7
DMSP 5D-3 F18 (USA 210),Svalbard,2026-08-28T13:33:39Z,2026-08-28T13:44:28Z,10.8,59.3
METOP-B,Svalbard,2026-08-28T13:33:52Z,2026-08-28T13:44:30Z,10.6,64.2
METOP-B,Kiruna,2026-08-28T13:34:56Z,2026-08-28T13:42:37Z,7.7,20.5
FENGYUN 3C,Svalbard,2026-08-28T13:35:22Z,2026-08-28T13:46:03Z,10.7,49.6
FENGYUN 3F,Svalbard,2026-08-28T13:37:45Z,2026-08-28T13:48:31Z,10.8,70.4
FENGYUN 3F,Kiruna,2026-08-28T13:39:30Z,2026-08-28T13:47:41Z,8.2,22.6
TIANMU-1 07,Svalbard,2026-08-28T13:41:17Z,2026-08-28T13:48:02Z,6.7,40.4
TIANMU-1 12,Kiruna,2026-08-28T13:46:40Z,2026-08-28T13:50:59Z,4.3,15.4
TIANMU-1 12,Svalbard,2026-08-28T13:47:03Z,2026-08-28T13:54:04Z,7.0,53.1
NOAA 21 (JPSS-2),Kiruna,2026-08-28T13:48:09Z,2026-08-28T13:52:21Z,4.2,12.1
METEOR-M2 4,Kiruna,2026-08-28T13:48:09Z,2026-08-28T13:57:19Z,9.2,27.8
NOAA 21 (JPSS-2),Svalbard,2026-08-28T13:48:50Z,2026-08-28T13:57:10Z,8.3,22.0
METEOR-M2 4,Svalbard,2026-08-28T13:50:51Z,2026-08-28T14:00:35Z,9.7,33.6
SENTINEL-3B,Svalbard,2026-08-28T13:52:32Z,2026-08-28T14:03:02Z,10.5,66.5
SENTINEL-3B,Kiruna,2026-08-28T13:54:09Z,2026-08-28T14:01:46Z,7.6,20.6
FENGYUN 3B,Svalbard,2026-08-28T13:54:30Z,2026-08-28T14:05:27Z,10.9,67.3
FENGYUN 3B,Kiruna,2026-08-28T13:54:58Z,2026-08-28T14:03:19Z,8.4,22.8
METOP-C,Svalbard,2026-08-28T13:57:00Z,2026-08-28T14:07:39Z,10.7,64.6
FENGYUN 3E,Kiruna,2026-08-28T13:57:21Z,2026-08-28T14:07:56Z,10.6,57.4
METOP-C,Kiruna,2026-08-28T13:58:11Z,2026-08-28T14:05:53Z,7.7,20.5
DMSP 5D-3 F18 (USA 210),Hawaii,2026-08-28T13:58:19Z,2026-08-28T14:07:12Z,8.9,25.4
FENGYUN 3C,Hawaii,2026-08-28T13:58:41Z,2026-08-28T14:09:26Z,10.8,74.6
FENGYUN 3E,Svalbard,2026-08-28T13:59:43Z,2026-08-28T14:10:36Z,10.9,80.5
TIANMU-1 09,Svalbard,2026-08-28T14:01:09Z,2026-08-28T14:07:54Z,6.8,40.7
TIANMU-1 20,Svalbard,2026-08-28T14:03:11Z,2026-08-28T14:10:06Z,6.9,60.8
METEOR-M 2,Kiruna,2026-08-28T14:03:59Z,2026-08-28T14:14:18Z,10.3,44.1
FENGYUN 3A,Kiruna,2026-08-28T14:05:15Z,2026-08-28T14:08:19Z,3.1,11.1
FENGYUN 3A,Svalbard,2026-08-28T14:05:24Z,2026-08-28T14:13:36Z,8.2,21.2
TIANMU-1 20,Kiruna,2026-08-28T14:05:27Z,2026-08-28T14:12:01Z,6.6,40.0
METEOR-M 2,Svalbard,2026-08-28T14:06:59Z,2026-08-28T14:17:17Z,10.3,43.5
DMSP 5D-3 F17 (USA 191),Kiruna,2026-08-28T14:07:04Z,2026-08-28T14:17:52Z,10.8,57.9
TIANMU-1 14,Kiruna,2026-08-28T14:07:29Z,2026-08-28T14:12:36Z,5.1,18.7
TIANMU-1 14,Svalbard,2026-08-28T14:08:26Z,2026-08-28T14:15:31Z,7.1,59.6
DMSP 5D-3 F17 (USA 191),Svalbard,2026-08-28T14:09:28Z,2026-08-28T14:20:33Z,11.1,80.8
TIANMU-1 21,Svalbard,2026-08-28T14:10:44Z,2026-08-28T14:17:34Z,6.8,58.0
TIANMU-1 11,Kiruna,2026-08-28T14:12:06Z,2026-08-28T14:17:13Z,5.1,18.8
TIANMU-1 21,Kiruna,2026-08-28T14:13:00Z,2026-08-28T14:19:33Z,6.5,42.2
TIANMU-1 11,Svalbard,2026-08-28T14:13:04Z,2026-08-28T14:20:08Z,7.1,59.9
METEOR-M2 4,Hawaii,2026-08-28T14:14:01Z,2026-08-28T14:22:07Z,8.1,22.3
DMSP 5D-3 F16 (USA 172),Kiruna,2026-08-28T14:21:20Z,2026-08-28T14:31:21Z,10.0,37.0
DMSP 5D-3 F16 (USA 172),Svalbard,2026-08-28T14:22:52Z,2026-08-28T14:33:56Z,11.1,83.2
SUOMI NPP,Svalbard,2026-08-28T14:25:49Z,2026-08-28T14:33:27Z,7.6,19.1
TIANMU-1 08,Svalbard,2026-08-28T14:26:37Z,2026-08-28T14:33:24Z,6.8,41.7
TIANMU-1 19,Svalbard,2026-08-28T14:29:24Z,2026-08-28T14:36:27Z,7.0,77.1
METEOR-M 2,Hawaii,2026-08-28T14:29:55Z,2026-08-28T14:40:26Z,10.5,65.0
SENTINEL-3A,Svalbard,2026-08-28T14:30:41Z,2026-08-28T14:41:09Z,10.5,63.8
TIANMU-1 13,Kiruna,2026-08-28T14:30:47Z,2026-08-28T14:36:29Z,5.7,22.5
FENGYUN 3D,Kiruna,2026-08-28T14:30:58Z,2026-08-28T14:40:52Z,9.9,35.5
TIANMU-1 19,Kiruna,2026-08-28T14:31:45Z,2026-08-28T14:37:51Z,6.1,28.3
SENTINEL-3A,Kiruna,2026-08-28T14:31:54Z,2026-08-28T14:39:21Z,7.5,19.9
TIANMU-1 13,Svalbard,2026-08-28T14:32:10Z,2026-08-28T14:39:18Z,7.1,66.8
FENGYUN 3D,Svalbard,2026-08-28T14:33:53Z,2026-08-28T14:43:58Z,10.1,37.8
METEOR-M2 2,Kiruna,2026-08-28T14:34:40Z,2026-08-28T14:45:11Z,10.5,57.6
TIANMU-1 04,Svalbard,2026-08-28T14:36:55Z,2026-08-28T14:38:26Z,1.5,10.6
METEOR-M2 2,Svalbard,2026-08-28T14:37:41Z,2026-08-28T14:48:02Z,10.4,48.9
TIANMU-1 22,Svalbard,2026-08-28T14:41:04Z,2026-08-28T14:48:09Z,7.1,84.3
TIANMU-1 22,Kiruna,2026-08-28T14:43:27Z,2026-08-28T14:49:18Z,5.9,24.9
METOP-SGA1,Svalbard,2026-08-28T14:45:34Z,2026-08-28T14:56:13Z,10.6,64.6
NOAA 20 (JPSS-1),Svalbard,2026-08-28T14:45:54Z,2026-08-28T14:52:48Z,6.9,16.8
METOP-SGA1,Kiruna,2026-08-28T14:46:04Z,2026-08-28T14:53:59Z,7.9,21.5
TIANMU-1 06,Svalbard,2026-08-28T14:48:40Z,2026-08-28T14:50:51Z,2.2,11.3
TIANMU-1 10,Svalbard,2026-08-28T14:48:51Z,2026-08-28T14:55:40Z,6.8,43.5
TIANMU-1 10,Kiruna,2026-08-28T14:50:18Z,2026-08-28T14:51:47Z,1.5,10.5
TIANMU-1 05,Hawaii,2026-08-28T14:50:20Z,2026-08-28T14:54:27Z,4.1,16.1
METEOR-M2 3,Svalbard,2026-08-28T14:56:09Z,2026-08-28T15:06:45Z,10.6,65.9
METEOR-M2 3,Kiruna,2026-08-28T14:56:09Z,2026-08-28T15:04:19Z,8.2,22.9
FENGYUN 3D,Hawaii,2026-08-28T14:56:43Z,2026-08-28T15:06:48Z,10.1,43.1
METEOR-M2 2,Hawaii,2026-08-28T15:01:00Z,2026-08-28T15:11:22Z,10.4,57.2
TIANMU-1 17,Svalbard,2026-08-28T15:04:46Z,2026-08-28T15:07:39Z,2.9,11.9
TIANMU-1 05,Svalbard,2026-08-28T15:11:20Z,2026-08-28T15:14:55Z,3.6,13.9
TIANMU-1 03,Hawaii,2026-08-28T15:11:33Z,2026-08-28T15:17:27Z,5.9,34.8
DMSP 5D-3 F18 (USA 210),Kiruna,2026-08-28T15:12:49Z,2026-08-28T15:22:14Z,9.4,28.9
METOP-B,Kiruna,2026-08-28T15:13:13Z,2026-08-28T15:21:57Z,8.7,26.2
METOP-B,Svalbard,2026-08-28T15:13:47Z,2026-08-28T15:24:29Z,10.7,70.0
FENGYUN 3H,Svalbard,2026-08-28T15:13:51Z,2026-08-28T15:19:59Z,6.1,15.1
TIANMU-1 07,Svalbard,2026-08-28T15:14:09Z,2026-08-28T15:21:02Z,6.9,46.7
TIANMU-1 05,Kiruna,2026-08-28T15:14:13Z,2026-08-28T15:17:39Z,3.4,13.5
TIANMU-1 07,Kiruna,2026-08-28T15:14:37Z,2026-08-28T15:17:37Z,3.0,12.3
FENGYUN 3C,Kiruna,2026-08-28T15:15:29Z,2026-08-28T15:23:26Z,7.9,20.0
DMSP 5D-3 F18 (USA 210),Svalbard,2026-08-28T15:15:35Z,2026-08-28T15:25:29Z,9.9,34.1
FENGYUN 3C,Svalbard,2026-08-28T15:17:40Z,2026-08-28T15:27:06Z,9.4,28.5
FENGYUN 3F,Svalbard,2026-08-28T15:17:50Z,2026-08-28T15:28:32Z,10.7,64.6
TIANMU-1 12,Kiruna,2026-08-28T15:18:12Z,2026-08-28T15:24:55Z,6.7,38.9
FENGYUN 3F,Kiruna,2026-08-28T15:18:28Z,2026-08-28T15:26:23Z,7.9,21.3
TIANMU-1 12,Svalbard,2026-08-28T15:20:21Z,2026-08-28T15:27:33Z,7.2,89.1
TIANMU-1 15,Hawaii,2026-08-28T15:23:35Z,2026-08-28T15:27:55Z,4.3,15.5
TIANMU-1 16,Svalbard,2026-08-28T15:25:06Z,2026-08-28T15:29:04Z,4.0,14.0
TIANMU-1 16,Kiruna,2026-08-28T15:28:31Z,2026-08-28T15:31:21Z,2.8,11.9
SENTINEL-3B,Svalbard,2026-08-28T15:32:07Z,2026-08-28T15:42:36Z,10.5,64.6
SENTINEL-3B,Kiruna,2026-08-28T15:32:25Z,2026-08-28T15:40:15Z,7.8,21.6
NOAA 21 (JPSS-2),Svalbard,2026-08-28T15:32:44Z,2026-08-28T15:37:56Z,5.2,13.4
TIANMU-1 03,Svalbard,2026-08-28T15:33:26Z,2026-08-28T15:37:44Z,4.3,16.3
METEOR-M2 4,Svalbard,2026-08-28T15:33:28Z,2026-08-28T15:41:11Z,7.7,19.6
FENGYUN 3B,Kiruna,2026-08-28T15:33:40Z,2026-08-28T15:43:23Z,9.7,33.4
TIANMU-1 09,Kiruna,2026-08-28T15:33:47Z,2026-08-28T15:37:48Z,4.0,14.5
TIANMU-1 09,Svalbard,2026-08-28T15:34:00Z,2026-08-28T15:40:58Z,7.0,51.0
FENGYUN 3B,Svalbard,2026-08-28T15:34:55Z,2026-08-28T15:45:58Z,11.0,79.4
TIANMU-1 03,Kiruna,2026-08-28T15:36:01Z,2026-08-28T15:40:42Z,4.7,18.3
TIANMU-1 20,Svalbard,2026-08-28T15:36:21Z,2026-08-28T15:43:17Z,6.9,68.6
METOP-C,Kiruna,2026-08-28T15:36:31Z,2026-08-28T15:45:07Z,8.6,25.2
METOP-C,Svalbard,2026-08-28T15:36:55Z,2026-08-28T15:47:37Z,10.7,68.9
FENGYUN 3E,Kiruna,2026-08-28T15:37:40Z,2026-08-28T15:48:18Z,10.6,55.5
DMSP 5D-3 F18 (USA 210),Hawaii,2026-08-28T15:38:39Z,2026-08-28T15:47:27Z,8.8,25.4
TIANMU-1 20,Kiruna,2026-08-28T15:39:00Z,2026-08-28T15:43:12Z,4.2,15.3
TIANMU-1 14,Kiruna,2026-08-28T15:39:26Z,2026-08-28T15:46:27Z,7.0,54.3
FENGYUN 3E,Svalbard,2026-08-28T15:40:41Z,2026-08-28T15:51:11Z,10.5,48.6
TIANMU-1 14,Svalbard,2026-08-28T15:41:52Z,2026-08-28T15:49:03Z,7.2,75.5
TIANMU-1 21,Svalbard,2026-08-28T15:43:46Z,2026-08-28T15:50:38Z,6.9,70.5
TIANMU-1 11,Kiruna,2026-08-28T15:44:02Z,2026-08-28T15:51:03Z,7.0,55.3
TIANMU-1 15,Svalbard,2026-08-28T15:44:23Z,2026-08-28T15:48:55Z,4.5,15.7
TIANMU-1 18,Hawaii,2026-08-28T15:45:35Z,2026-08-28T15:52:06Z,6.5,34.7
TIANMU-1 04,Hawaii,2026-08-28T15:46:17Z,2026-08-28T15:52:19Z,6.0,39.5
TIANMU-1 21,Kiruna,2026-08-28T15:46:24Z,2026-08-28T15:50:38Z,4.2,15.6
TIANMU-1 11,Svalbard,2026-08-28T15:46:29Z,2026-08-28T15:53:39Z,7.2,74.7
TIANMU-1 15,Kiruna,2026-08-28T15:47:22Z,2026-08-28T15:51:37Z,4.3,14.9
METEOR-M 2,Kiruna,2026-08-28T15:47:29Z,2026-08-28T15:53:52Z,6.4,15.7
DMSP 5D-3 F17 (USA 191),Kiruna,2026-08-28T15:47:44Z,2026-08-28T15:58:35Z,10.9,56.0
METEOR-M 2,Svalbard,2026-08-28T15:49:07Z,2026-08-28T15:57:57Z,8.8,25.0
FENGYUN 3A,Svalbard,2026-08-28T15:49:23Z,2026-08-28T15:54:22Z,5.0,13.0
DMSP 5D-3 F17 (USA 191),Svalbard,2026-08-28T15:50:46Z,2026-08-28T16:01:29Z,10.7,49.3
TIANMU-1 06,Hawaii,2026-08-28T15:58:27Z,2026-08-28T16:04:06Z,5.7,29.0
TIANMU-1 08,Kiruna,2026-08-28T15:58:42Z,2026-08-28T16:03:32Z,4.8,17.5
TIANMU-1 08,Svalbard,2026-08-28T15:59:30Z,2026-08-28T16:06:31Z,7.0,56.8
DMSP 5D-3 F16 (USA 172),Kiruna,2026-08-28T16:00:59Z,2026-08-28T16:12:02Z,11.0,82.1
TIANMU-1 19,Svalbard,2026-08-28T16:02:36Z,2026-08-28T16:09:32Z,6.9,58.4
TIANMU-1 13,Kiruna,2026-08-28T16:03:06Z,2026-08-28T16:10:16Z,7.2,74.3
DMSP 5D-3 F16 (USA 172),Svalbard,2026-08-28T16:03:45Z,2026-08-28T16:14:45Z,11.0,66.8
FENGYUN 3E,Hawaii,2026-08-28T16:03:57Z,2026-08-28T16:14:37Z,10.7,68.4
TIANMU-1 19,Kiruna,2026-08-28T16:05:29Z,2026-08-28T16:08:36Z,3.1,12.5
TIANMU-1 13,Svalbard,2026-08-28T16:05:43Z,2026-08-28T16:12:52Z,7.2,64.2
TIANMU-1 18,Svalbard,2026-08-28T16:07:33Z,2026-08-28T16:12:47Z,5.2,18.7
TIANMU-1 04,Svalbard,2026-08-28T16:08:16Z,2026-08-28T16:13:29Z,5.2,21.9
SENTINEL-3A,Kiruna,2026-08-28T16:09:51Z,2026-08-28T16:18:15Z,8.4,24.7
SUOMI NPP,Svalbard,2026-08-28T16:10:07Z,2026-08-28T16:14:05Z,4.0,11.9
TIANMU-1 18,Kiruna,2026-08-28T16:10:13Z,2026-08-28T16:15:45Z,5.5,20.5
SENTINEL-3A,Svalbard,2026-08-28T16:10:15Z,2026-08-28T16:20:46Z,10.5,68.3
TIANMU-1 04,Kiruna,2026-08-28T16:10:35Z,2026-08-28T16:16:31Z,5.9,32.6
DMSP 5D-3 F17 (USA 191),Hawaii,2026-08-28T16:14:09Z,2026-08-28T16:24:56Z,10.8,69.3
TIANMU-1 22,Svalbard,2026-08-28T16:14:17Z,2026-08-28T16:21:12Z,6.9,55.1
FENGYUN 3D,Kiruna,2026-08-28T16:15:32Z,2026-08-28T16:19:59Z,4.4,12.4
TIANMU-1 17,Hawaii,2026-08-28T16:15:33Z,2026-08-28T16:22:37Z,7.1,65.1
FENGYUN 3D,Svalbard,2026-08-28T16:16:24Z,2026-08-28T16:24:42Z,8.3,21.9
METEOR-M2 2,Kiruna,2026-08-28T16:17:00Z,2026-08-28T16:24:49Z,7.8,20.3
TIANMU-1 22,Kiruna,2026-08-28T16:17:19Z,2026-08-28T16:19:52Z,2.6,11.6
METEOR-M2 2,Svalbard,2026-08-28T16:19:18Z,2026-08-28T16:28:25Z,9.1,27.9
TIANMU-1 06,Svalbard,2026-08-28T16:20:15Z,2026-08-28T16:25:37Z,5.4,23.3
TIANMU-1 10,Kiruna,2026-08-28T16:20:31Z,2026-08-28T16:25:59Z,5.5,21.0
TIANMU-1 10,Svalbard,2026-08-28T16:21:45Z,2026-08-28T16:28:51Z,7.1,63.5
TIANMU-1 06,Kiruna,2026-08-28T16:22:32Z,2026-08-28T16:28:37Z,6.1,36.9
TIANMU-1 05,Hawaii,2026-08-28T16:23:23Z,2026-08-28T16:25:17Z,1.9,11.0
METOP-SGA1,Kiruna,2026-08-28T16:24:16Z,2026-08-28T16:33:40Z,9.4,32.1
METOP-SGA1,Svalbard,2026-08-28T16:25:31Z,2026-08-28T16:36:17Z,10.8,77.1
DMSP 5D-3 F16 (USA 172),Hawaii,2026-08-28T16:30:31Z,2026-08-28T16:35:38Z,5.1,13.3
NOAA 20 (JPSS-1),Svalbard,2026-08-28T16:30:41Z,2026-08-28T16:33:16Z,2.6,10.8
METEOR-M2 3,Kiruna,2026-08-28T16:34:16Z,2026-08-28T16:44:04Z,9.8,38.5
METEOR-M2 3,Svalbard,2026-08-28T16:35:59Z,2026-08-28T16:46:43Z,10.7,83.9
TIANMU-1 16,Hawaii,2026-08-28T16:36:32Z,2026-08-28T16:42:39Z,6.1,26.6
TIANMU-1 17,Svalbard,2026-08-28T16:37:53Z,2026-08-28T16:43:49Z,5.9,23.5
TIANMU-1 17,Kiruna,2026-08-28T16:40:20Z,2026-08-28T16:46:51Z,6.5,31.8
TIANMU-1 05,Svalbard,2026-08-28T16:43:18Z,2026-08-28T16:49:06Z,5.8,29.0
METEOR-M2 2,Hawaii,2026-08-28T16:44:41Z,2026-08-28T16:46:19Z,1.6,10.3
TIANMU-1 07,Kiruna,2026-08-28T16:45:25Z,2026-08-28T16:51:32Z,6.1,27.2
TIANMU-1 05,Kiruna,2026-08-28T16:45:31Z,2026-08-28T16:51:57Z,6.4,59.0
TIANMU-1 07,Svalbard,2026-08-28T16:47:08Z,2026-08-28T16:54:16Z,7.1,74.6
TIANMU-1 12,Kiruna,2026-08-28T16:51:29Z,2026-08-28T16:58:29Z,7.0,50.2
METOP-B,Kiruna,2026-08-28T16:51:43Z,2026-08-28T17:02:02Z,10.3,49.6
METOP-B,Svalbard,2026-08-28T16:53:54Z,2026-08-28T17:04:42Z,10.8,86.3
TIANMU-1 12,Svalbard,2026-08-28T16:54:17Z,2026-08-28T17:01:10Z,6.9,42.3
FENGYUN 3F,Kiruna,2026-08-28T16:56:46Z,2026-08-28T17:06:06Z,9.3,30.7
TIANMU-1 15,Hawaii,2026-08-28T16:56:48Z,2026-08-28T17:01:06Z,4.3,15.3
FENGYUN 3F,Svalbard,2026-08-28T16:57:53Z,2026-08-28T17:08:41Z,10.8,75.5
TIANMU-1 16,Svalbard,2026-08-28T16:58:27Z,2026-08-28T17:04:45Z,6.3,27.9
DMSP 5D-3 F18 (USA 210),Svalbard,2026-08-28T16:58:42Z,2026-08-28T17:06:36Z,7.9,19.9
FENGYUN 3H,Svalbard,2026-08-28T16:59:30Z,2026-08-28T16:59:46Z,0.3,10.0
TIANMU-1 16,Kiruna,2026-08-28T17:00:47Z,2026-08-28T17:07:43Z,6.9,45.1
FENGYUN 3C,Svalbard,2026-08-28T17:01:12Z,2026-08-28T17:08:14Z,7.0,17.0
TIANMU-1 09,Kiruna,2026-08-28T17:05:00Z,2026-08-28T17:11:35Z,6.6,35.8
TIANMU-1 03,Svalbard,2026-08-28T17:05:31Z,2026-08-28T17:11:34Z,6.0,34.6
TIANMU-1 09,Svalbard,2026-08-28T17:07:05Z,2026-08-28T17:14:15Z,7.2,86.7
TIANMU-1 03,Kiruna,2026-08-28T17:07:43Z,2026-08-28T17:14:13Z,6.5,85.3
TIANMU-1 20,Svalbard,2026-08-28T17:09:21Z,2026-08-28T17:16:02Z,6.7,45.0
SENTINEL-3B,Kiruna,2026-08-28T17:10:16Z,2026-08-28T17:19:42Z,9.4,34.2
SENTINEL-3B,Svalbard,2026-08-28T17:11:44Z,2026-08-28T17:22:20Z,10.6,79.7
FENGYUN 3B,Kiruna,2026-08-28T17:13:04Z,2026-08-28T17:24:00Z,10.9,71.2
TIANMU-1 14,Kiruna,2026-08-28T17:13:15Z,2026-08-28T17:19:53Z,6.6,34.5
METOP-C,Kiruna,2026-08-28T17:14:56Z,2026-08-28T17:25:09Z,10.2,45.9
FENGYUN 3B,Svalbard,2026-08-28T17:15:41Z,2026-08-28T17:26:43Z,11.0,72.1
TIANMU-1 12,Hawaii,2026-08-28T17:15:52Z,2026-08-28T17:22:54Z,7.0,61.6
TIANMU-1 14,Svalbard,2026-08-28T17:16:01Z,2026-08-28T17:22:40Z,6.7,34.8
TIANMU-1 21,Svalbard,2026-08-28T17:16:37Z,2026-08-28T17:23:14Z,6.6,45.3
METOP-C,Svalbard,2026-08-28T17:16:59Z,2026-08-28T17:27:48Z,10.8,89.3
METEOR-M2 4,Svalbard,2026-08-28T17:17:29Z,2026-08-28T17:21:39Z,4.2,12.1
TIANMU-1 15,Svalbard,2026-08-28T17:17:49Z,2026-08-28T17:24:20Z,6.5,31.6
TIANMU-1 11,Kiruna,2026-08-28T17:17:52Z,2026-08-28T17:24:28Z,6.6,33.9
TIANMU-1 15,Kiruna,2026-08-28T17:20:06Z,2026-08-28T17:27:13Z,7.1,58.7
FENGYUN 3E,Kiruna,2026-08-28T17:20:28Z,2026-08-28T17:28:15Z,7.8,19.7
TIANMU-1 11,Svalbard,2026-08-28T17:20:37Z,2026-08-28T17:27:15Z,6.6,34.4
FENGYUN 3E,Svalbard,2026-08-28T17:22:40Z,2026-08-28T17:31:55Z,9.2,27.8
TIANMU-1 08,Kiruna,2026-08-28T17:30:19Z,2026-08-28T17:37:14Z,6.9,48.9
DMSP 5D-3 F17 (USA 191),Kiruna,2026-08-28T17:30:53Z,2026-08-28T17:38:54Z,8.0,20.1
METEOR-M 2,Svalbard,2026-08-28T17:32:32Z,2026-08-28T17:38:37Z,6.1,15.0
TIANMU-1 08,Svalbard,2026-08-28T17:32:41Z,2026-08-28T17:39:51Z,7.2,80.0
DMSP 5D-3 F17 (USA 191),Svalbard,2026-08-28T17:33:06Z,2026-08-28T17:42:34Z,9.5,28.4
TIANMU-1 19,Svalbard,2026-08-28T17:35:36Z,2026-08-28T17:42:17Z,6.7,42.6
TIANMU-1 14,Hawaii,2026-08-28T17:37:20Z,2026-08-28T17:44:14Z,6.9,49.2
TIANMU-1 13,Kiruna,2026-08-28T17:37:26Z,2026-08-28T17:43:33Z,6.1,25.7
TIANMU-1 13,Svalbard,2026-08-28T17:40:04Z,2026-08-28T17:46:29Z,6.4,29.6
TIANMU-1 04,Svalbard,2026-08-28T17:40:26Z,2026-08-28T17:46:46Z,6.3,48.9
TIANMU-1 18,Svalbard,2026-08-28T17:41:04Z,2026-08-28T17:47:52Z,6.8,38.2
TIANMU-1 11,Hawaii,2026-08-28T17:41:57Z,2026-08-28T17:48:46Z,6.8,46.7
DMSP 5D-3 F16 (USA 172),Kiruna,2026-08-28T17:42:30Z,2026-08-28T17:52:41Z,10.2,37.1
TIANMU-1 04,Kiruna,2026-08-28T17:42:40Z,2026-08-28T17:48:56Z,6.3,49.5
TIANMU-1 18,Kiruna,2026-08-28T17:43:20Z,2026-08-28T17:50:32Z,7.2,85.3
DMSP 5D-3 F16 (USA 172),Svalbard,2026-08-28T17:45:27Z,2026-08-28T17:55:47Z,10.3,39.1
TIANMU-1 22,Svalbard,2026-08-28T17:47:17Z,2026-08-28T17:53:59Z,6.7,42.0
SENTINEL-3A,Kiruna,2026-08-28T17:47:55Z,2026-08-28T17:57:56Z,10.0,45.3
SENTINEL-3A,Svalbard,2026-08-28T17:49:57Z,2026-08-28T18:00:36Z,10.6,89.4
TIANMU-1 06,Svalbard,2026-08-28T17:52:26Z,2026-08-28T17:58:49Z,6.4,52.5
TIANMU-1 10,Kiruna,2026-08-28T17:52:30Z,2026-08-28T17:59:36Z,7.1,66.7
TIANMU-1 06,Kiruna,2026-08-28T17:54:40Z,2026-08-28T18:00:52Z,6.2,44.1
TIANMU-1 10,Svalbard,2026-08-28T17:55:04Z,2026-08-28T18:02:12Z,7.1,68.3
FENGYUN 3D,Svalbard,2026-08-28T18:00:18Z,2026-08-28T18:05:21Z,5.1,13.2
TIANMU-1 13,Hawaii,2026-08-28T18:01:35Z,2026-08-28T18:07:21Z,5.8,23.2
METEOR-M2 2,Svalbard,2026-08-28T18:02:11Z,2026-08-28T18:08:49Z,6.6,16.4
METOP-SGA1,Kiruna,2026-08-28T18:03:11Z,2026-08-28T18:13:53Z,10.7,69.9
METOP-SGA1,Svalbard,2026-08-28T18:05:48Z,2026-08-28T18:16:36Z,10.8,73.4
DMSP 5D-3 F16 (USA 172),Hawaii,2026-08-28T18:08:23Z,2026-08-28T18:18:48Z,10.4,46.5
TIANMU-1 17,Svalbard,2026-08-28T18:11:28Z,2026-08-28T18:18:29Z,7.0,49.6
METEOR-M2 3,Kiruna,2026-08-28T18:13:26Z,2026-08-28T18:24:10Z,10.7,89.7
TIANMU-1 17,Kiruna,2026-08-28T18:13:43Z,2026-08-28T18:20:47Z,7.1,59.3
TIANMU-1 05,Svalbard,2026-08-28T18:15:33Z,2026-08-28T18:22:03Z,6.5,66.8
METEOR-M2 3,Svalbard,2026-08-28T18:16:16Z,2026-08-28T18:26:55Z,10.6,63.6
TIANMU-1 05,Kiruna,2026-08-28T18:17:51Z,2026-08-28T18:23:40Z,5.8,30.7
TIANMU-1 07,Kiruna,2026-08-28T18:17:54Z,2026-08-28T18:25:03Z,7.1,81.7
TIANMU-1 07,Svalbard,2026-08-28T18:20:38Z,2026-08-28T18:27:40Z,7.0,54.7
TIANMU-1 12,Kiruna,2026-08-28T18:27:30Z,2026-08-28T18:31:00Z,3.5,13.0
TIANMU-1 12,Svalbard,2026-08-28T18:29:13Z,2026-08-28T18:34:44Z,5.5,20.4
METOP-B,Kiruna,2026-08-28T18:31:37Z,2026-08-28T18:42:20Z,10.7,65.9
TIANMU-1 16,Svalbard,2026-08-28T18:32:02Z,2026-08-28T18:39:10Z,7.1,60.1
TIANMU-1 16,Kiruna,2026-08-28T18:34:18Z,2026-08-28T18:41:08Z,6.8,42.8
METOP-B,Svalbard,2026-08-28T18:34:37Z,2026-08-28T18:45:10Z,10.6,53.5
FENGYUN 3F,Kiruna,2026-08-28T18:35:42Z,2026-08-28T18:46:23Z,10.7,64.7
TIANMU-1 03,Svalbard,2026-08-28T18:37:47Z,2026-08-28T18:44:18Z,6.5,79.5
TIANMU-1 09,Kiruna,2026-08-28T18:37:58Z,2026-08-28T18:45:00Z,7.0,55.7
FENGYUN 3F,Svalbard,2026-08-28T18:38:14Z,2026-08-28T18:49:05Z,10.9,76.3
TIANMU-1 03,Kiruna,2026-08-28T18:40:09Z,2026-08-28T18:45:30Z,5.3,24.0
TIANMU-1 09,Svalbard,2026-08-28T18:40:45Z,2026-08-28T18:47:40Z,6.9,44.8
METEOR-M2 3,Hawaii,2026-08-28T18:41:25Z,2026-08-28T18:48:56Z,7.5,19.7
TIANMU-1 20,Svalbard,2026-08-28T18:42:07Z,2026-08-28T18:48:43Z,6.6,41.3
DMSP 5D-3 F18 (USA 210),Svalbard,2026-08-28T18:43:13Z,2026-08-28T18:47:37Z,4.4,12.3
TIANMU-1 07,Hawaii,2026-08-28T18:43:17Z,2026-08-28T18:48:36Z,5.3,20.2
FENGYUN 3C,Svalbard,2026-08-28T18:46:05Z,2026-08-28T18:49:14Z,3.1,11.1
CYGFM02,Hawaii,2026-08-28T18:46:30Z,2026-08-28T18:48:24Z,1.9,11.1
SENTINEL-3B,Kiruna,2026-08-28T18:49:01Z,2026-08-28T18:59:36Z,10.6,78.1
TIANMU-1 21,Svalbard,2026-08-28T18:49:15Z,2026-08-28T18:55:46Z,6.5,40.7
TIANMU-1 14,Svalbard,2026-08-28T18:51:16Z,2026-08-28T18:56:10Z,4.9,17.2
TIANMU-1 15,Svalbard,2026-08-28T18:51:25Z,2026-08-28T18:58:35Z,7.2,68.5
SENTINEL-3B,Svalbard,2026-08-28T18:51:44Z,2026-08-28T19:02:19Z,10.6,68.8
TIANMU-1 15,Kiruna,2026-08-28T18:53:43Z,2026-08-28T19:00:17Z,6.6,34.8
FENGYUN 3B,Kiruna,2026-08-28T18:54:12Z,2026-08-28T19:04:40Z,10.5,43.7
METOP-C,Kiruna,2026-08-28T18:54:39Z,2026-08-28T19:05:26Z,10.8,72.7
TIANMU-1 11,Svalbard,2026-08-28T18:55:52Z,2026-08-28T19:00:43Z,4.8,17.0
FENGYUN 3B,Svalbard,2026-08-28T18:57:12Z,2026-08-28T19:07:41Z,10.5,42.7
METOP-C,Svalbard,2026-08-28T18:57:37Z,2026-08-28T19:08:14Z,10.6,56.4
METOP-B,Hawaii,2026-08-28T18:58:15Z,2026-08-28T19:08:24Z,10.2,44.9
TIANMU-1 09,Hawaii,2026-08-28T19:02:29Z,2026-08-28T19:09:17Z,6.8,48.7
TIANMU-1 08,Kiruna,2026-08-28T19:03:48Z,2026-08-28T19:10:32Z,6.7,38.3
FENGYUN 3E,Svalbard,2026-08-28T19:05:55Z,2026-08-28T19:12:41Z,6.8,16.5
TIANMU-1 08,Svalbard,2026-08-28T19:06:34Z,2026-08-28T19:13:17Z,6.7,36.9
TIANMU-1 19,Svalbard,2026-08-28T19:08:23Z,2026-08-28T19:15:05Z,6.7,43.3
TIANMU-1 04,Svalbard,2026-08-28T19:12:39Z,2026-08-28T19:19:08Z,6.5,77.1
TIANMU-1 18,Svalbard,2026-08-28T19:14:40Z,2026-08-28T19:21:53Z,7.2,81.7
TIANMU-1 04,Kiruna,2026-08-28T19:15:15Z,2026-08-28T19:19:25Z,4.2,16.2
TIANMU-1 13,Svalbard,2026-08-28T19:15:38Z,2026-08-28T19:19:53Z,4.3,14.9
DMSP 5D-3 F17 (USA 191),Svalbard,2026-08-28T19:16:41Z,2026-08-28T19:23:44Z,7.0,16.9
TIANMU-1 18,Kiruna,2026-08-28T19:17:01Z,2026-08-28T19:23:09Z,6.1,26.8
METEOR-M 2,Svalbard,2026-08-28T19:17:52Z,2026-08-28T19:18:32Z,0.7,10.0
SENTINEL-3B,Hawaii,2026-08-28T19:18:36Z,2026-08-28T19:22:34Z,4.0,12.1
TIANMU-1 22,Svalbard,2026-08-28T19:20:05Z,2026-08-28T19:26:50Z,6.8,44.6
FENGYUN 3B,Hawaii,2026-08-28T19:20:10Z,2026-08-28T19:31:10Z,11.0,70.4
TIANMU-1 22,Kiruna,2026-08-28T19:21:24Z,2026-08-28T19:23:04Z,1.7,10.7
METOP-C,Hawaii,2026-08-28T19:21:36Z,2026-08-28T19:31:16Z,9.7,34.8
TIANMU-1 06,Svalbard,2026-08-28T19:24:39Z,2026-08-28T19:31:08Z,6.5,73.3
TIANMU-1 10,Kiruna,2026-08-28T19:26:28Z,2026-08-28T19:32:46Z,6.3,28.3
DMSP 5D-3 F16 (USA 172),Kiruna,2026-08-28T19:27:14Z,2026-08-28T19:32:21Z,5.1,13.2
SENTINEL-3A,Kiruna,2026-08-28T19:27:17Z,2026-08-28T19:37:52Z,10.6,72.5
TIANMU-1 06,Kiruna,2026-08-28T19:27:19Z,2026-08-28T19:31:13Z,3.9,15.2
CYGFM04,Hawaii,2026-08-28T19:27:41Z,2026-08-28T19:31:27Z,3.8,15.0
TIANMU-1 08,Hawaii,2026-08-28T19:27:56Z,2026-08-28T19:34:52Z,6.9,63.0
DMSP 5D-3 F16 (USA 172),Svalbard,2026-08-28T19:28:18Z,2026-08-28T19:36:55Z,8.6,22.7
TIANMU-1 10,Svalbard,2026-08-28T19:29:09Z,2026-08-28T19:35:38Z,6.5,31.4
SENTINEL-3A,Svalbard,2026-08-28T19:30:14Z,2026-08-28T19:40:40Z,10.4,56.0
CYGFM07,Hawaii,2026-08-28T19:40:56Z,2026-08-28T19:45:07Z,4.2,16.6
METOP-SGA1,Kiruna,2026-08-28T19:43:52Z,2026-08-28T19:54:08Z,10.3,43.7
TIANMU-1 17,Svalbard,2026-08-28T19:45:02Z,2026-08-28T19:52:14Z,7.2,81.1
METOP-SGA1,Svalbard,2026-08-28T19:46:51Z,2026-08-28T19:57:07Z,10.3,43.0
METEOR-M2 2,Svalbard,2026-08-28T19:46:56Z,2026-08-28T19:48:35Z,1.7,10.3
TIANMU-1 17,Kiruna,2026-08-28T19:47:31Z,2026-08-28T19:52:49Z,5.3,19.8
TIANMU-1 05,Svalbard,2026-08-28T19:47:47Z,2026-08-28T19:54:13Z,6.4,61.7
TIANMU-1 10,Hawaii,2026-08-28T19:50:36Z,2026-08-28T19:56:41Z,6.1,28.0
TIANMU-1 05,Kiruna,2026-08-28T19:50:43Z,2026-08-28T19:53:31Z,2.8,12.3
TIANMU-1 07,Kiruna,2026-08-28T19:52:37Z,2026-08-28T19:57:57Z,5.3,19.5
SENTINEL-3A,Hawaii,2026-08-28T19:54:08Z,2026-08-28T20:03:36Z,9.5,34.4
METEOR-M2 3,Kiruna,2026-08-28T19:54:36Z,2026-08-28T20:04:09Z,9.5,32.1
TIANMU-1 07,Svalbard,2026-08-28T19:55:00Z,2026-08-28T20:01:05Z,6.1,25.5
METEOR-M2 3,Svalbard,2026-08-28T19:57:26Z,2026-08-28T20:07:18Z,9.9,36.4
FENGYUN 3G,Hawaii,2026-08-28T20:03:45Z,2026-08-28T20:08:56Z,5.2,20.7
TIANMU-1 16,Svalbard,2026-08-28T20:05:35Z,2026-08-28T20:12:45Z,7.2,70.5
TIANMU-1 12,Svalbard,2026-08-28T20:06:03Z,2026-08-28T20:07:25Z,1.4,10.4
TIANMU-1 16,Kiruna,2026-08-28T20:08:11Z,2026-08-28T20:12:47Z,4.6,16.4
METOP-SGA1,Hawaii,2026-08-28T20:09:45Z,2026-08-28T20:20:20Z,10.6,66.4
TIANMU-1 03,Svalbard,2026-08-28T20:09:59Z,2026-08-28T20:16:21Z,6.4,54.7
TIANMU-1 03,Kiruna,2026-08-28T20:13:22Z,2026-08-28T20:14:46Z,1.4,10.5
TIANMU-1 09,Kiruna,2026-08-28T20:13:31Z,2026-08-28T20:17:30Z,4.0,14.2
METOP-B,Kiruna,2026-08-28T20:13:50Z,2026-08-28T20:22:19Z,8.5,23.2
TIANMU-1 20,Kiruna,2026-08-28T20:14:28Z,2026-08-28T20:18:29Z,4.0,14.7
TIANMU-1 20,Svalbard,2026-08-28T20:14:48Z,2026-08-28T20:21:36Z,6.8,52.8
TIANMU-1 09,Svalbard,2026-08-28T20:15:24Z,2026-08-28T20:21:03Z,5.6,21.4
METOP-B,Svalbard,2026-08-28T20:16:18Z,2026-08-28T20:25:46Z,9.5,30.5
FENGYUN 3F,Kiruna,2026-08-28T20:16:18Z,2026-08-28T20:26:45Z,10.5,48.0
TIANMU-1 07,Hawaii,2026-08-28T20:17:45Z,2026-08-28T20:20:02Z,2.3,11.3
FENGYUN 3F,Svalbard,2026-08-28T20:19:19Z,2026-08-28T20:29:42Z,10.4,45.2
METEOR-M2 3,Hawaii,2026-08-28T20:20:21Z,2026-08-28T20:29:33Z,9.2,30.7
CYGFM02,Hawaii,2026-08-28T20:20:59Z,2026-08-28T20:26:56Z,5.9,59.0
TIANMU-1 21,Kiruna,2026-08-28T20:21:37Z,2026-08-28T20:25:18Z,3.7,13.9
TIANMU-1 21,Svalbard,2026-08-28T20:21:46Z,2026-08-28T20:28:29Z,6.7,51.3
FENGYUN 3H,Svalbard,2026-08-28T20:24:21Z,2026-08-28T20:27:01Z,2.7,10.8
TIANMU-1 15,Svalbard,2026-08-28T20:24:57Z,2026-08-28T20:32:05Z,7.1,64.3
TIANMU-1 15,Kiruna,2026-08-28T20:27:39Z,2026-08-28T20:31:40Z,4.0,14.5
SENTINEL-3B,Kiruna,2026-08-28T20:29:37Z,2026-08-28T20:39:27Z,9.8,37.8
SENTINEL-3B,Svalbard,2026-08-28T20:32:32Z,2026-08-28T20:42:29Z,9.9,39.6
CYGFM03,Hawaii,2026-08-28T20:33:27Z,2026-08-28T20:39:31Z,6.1,51.4
METOP-C,Kiruna,2026-08-28T20:36:35Z,2026-08-28T20:45:28Z,8.9,25.6
FENGYUN 3B,Kiruna,2026-08-28T20:38:11Z,2026-08-28T20:44:39Z,6.5,15.7
METOP-C,Svalbard,2026-08-28T20:39:12Z,2026-08-28T20:48:50Z,9.6,32.2
FENGYUN 3B,Svalbard,2026-08-28T20:39:49Z,2026-08-28T20:48:47Z,9.0,24.7
TIANMU-1 19,Kiruna,2026-08-28T20:40:08Z,2026-08-28T20:45:13Z,5.1,19.1
METOP-B,Hawaii,2026-08-28T20:40:25Z,2026-08-28T20:45:32Z,5.1,13.6
TIANMU-1 08,Kiruna,2026-08-28T20:41:01Z,2026-08-28T20:41:48Z,0.8,10.1
TIANMU-1 19,Svalbard,2026-08-28T20:41:10Z,2026-08-28T20:48:06Z,6.9,61.5
TIANMU-1 08,Svalbard,2026-08-28T20:41:31Z,2026-08-28T20:46:37Z,5.1,18.1
NOAA 21 (JPSS-2),Svalbard,2026-08-28T20:42:14Z,2026-08-28T20:46:15Z,4.0,11.9
FENGYUN 3F,Hawaii,2026-08-28T20:42:20Z,2026-08-28T20:53:04Z,10.7,83.1
TIANMU-1 04,Svalbard,2026-08-28T20:44:44Z,2026-08-28T20:50:59Z,6.2,45.8
CYGFM08,Hawaii,2026-08-28T20:47:16Z,2026-08-28T20:52:41Z,5.4,26.9
TIANMU-1 18,Svalbard,2026-08-28T20:48:10Z,2026-08-28T20:55:15Z,7.1,57.0
FENGYUN 3E,Svalbard,2026-08-28T20:50:45Z,2026-08-28T20:53:06Z,2.3,10.6
TIANMU-1 18,Kiruna,2026-08-28T20:51:03Z,2026-08-28T20:54:10Z,3.1,12.4
TIANMU-1 22,Kiruna,2026-08-28T20:51:38Z,2026-08-28T20:57:06Z,5.5,21.5
TIANMU-1 22,Svalbard,2026-08-28T20:52:55Z,2026-08-28T20:59:56Z,7.0,66.1
SENTINEL-3B,Hawaii,2026-08-28T20:55:18Z,2026-08-28T21:05:19Z,10.0,46.7
TIANMU-1 06,Svalbard,2026-08-28T20:56:44Z,2026-08-28T21:02:58Z,6.2,44.7
FENGYUN 3A,Svalbard,2026-08-28T20:58:31Z,2026-08-28T21:03:05Z,4.6,12.5
DMSP 5D-3 F17 (USA 191),Svalbard,2026-08-28T21:01:42Z,2026-08-28T21:04:41Z,3.0,11.0
METOP-C,Hawaii,2026-08-28T21:02:42Z,2026-08-28T21:09:39Z,6.9,17.8
CYGFM04,Hawaii,2026-08-28T21:03:24Z,2026-08-28T21:09:20Z,5.9,44.4
TIANMU-1 10,Svalbard,2026-08-28T21:04:24Z,2026-08-28T21:08:53Z,4.5,15.6
SENTINEL-3A,Kiruna,2026-08-28T21:08:51Z,2026-08-28T21:17:33Z,8.7,25.2
SENTINEL-3A,Svalbard,2026-08-28T21:11:26Z,2026-08-28T21:20:53Z,9.4,31.8
DMSP 5D-3 F16 (USA 172),Svalbard,2026-08-28T21:12:28Z,2026-08-28T21:18:02Z,5.6,13.8
CYGFM07,Hawaii,2026-08-28T21:16:59Z,2026-08-28T21:22:56Z,5.9,40.8
TIANMU-1 17,Svalbard,2026-08-28T21:18:28Z,2026-08-28T21:25:27Z,7.0,49.9
SUOMI NPP,Svalbard,2026-08-28T21:18:33Z,2026-08-28T21:23:31Z,5.0,13.1
TIANMU-1 05,Svalbard,2026-08-28T21:19:50Z,2026-08-28T21:26:02Z,6.2,41.6
TIANMU-1 17,Kiruna,2026-08-28T21:21:51Z,2026-08-28T21:23:11Z,1.3,10.4
METOP-SGA1,Kiruna,2026-08-28T21:27:23Z,2026-08-28T21:33:40Z,6.3,15.5
METOP-SGA1,Svalbard,2026-08-28T21:29:00Z,2026-08-28T21:37:46Z,8.8,24.7
TIANMU-1 07,Svalbard,2026-08-28T21:30:44Z,2026-08-28T21:34:09Z,3.4,12.9
CYGFM05,Hawaii,2026-08-28T21:32:58Z,2026-08-28T21:34:02Z,1.1,10.3
SENTINEL-3A,Hawaii,2026-08-28T21:34:54Z,2026-08-28T21:41:37Z,6.7,17.4
NOAA 20 (JPSS-1),Svalbard,2026-08-28T21:37:50Z,2026-08-28T21:43:50Z,6.0,14.8
TIANMU-1 16,Svalbard,2026-08-28T21:38:58Z,2026-08-28T21:45:53Z,6.9,46.5
METEOR-M2 3,Kiruna,2026-08-28T21:39:36Z,2026-08-28T21:42:32Z,2.9,11.0
METEOR-M2 3,Svalbard,2026-08-28T21:39:45Z,2026-08-28T21:47:47Z,8.0,21.1
FENGYUN 3G,Hawaii,2026-08-28T21:40:38Z,2026-08-28T21:45:07Z,4.5,16.9
TIANMU-1 03,Svalbard,2026-08-28T21:41:59Z,2026-08-28T21:48:07Z,6.1,40.0
TIANMU-1 20,Kiruna,2026-08-28T21:45:34Z,2026-08-28T21:52:03Z,6.5,37.5
TIANMU-1 20,Svalbard,2026-08-28T21:47:42Z,2026-08-28T21:54:41Z,7.0,88.7
TIANMU-1 09,Svalbard,2026-08-28T21:51:45Z,2026-08-28T21:53:47Z,2.0,10.9
TIANMU-1 21,Kiruna,2026-08-28T21:52:27Z,2026-08-28T21:58:46Z,6.3,34.7
TIANMU-1 21,Svalbard,2026-08-28T21:54:30Z,2026-08-28T22:01:25Z,6.9,88.4
TIANMU-1 15,Svalbard,2026-08-28T21:58:18Z,2026-08-28T22:05:11Z,6.9,44.7
CYGFM01,Hawaii,2026-08-28T21:58:54Z,2026-08-28T22:03:31Z,4.6,18.6
METOP-B,Svalbard,2026-08-28T21:59:13Z,2026-08-28T22:06:27Z,7.2,17.9
FENGYUN 3F,Kiruna,2026-08-28T21:59:35Z,2026-08-28T22:06:33Z,7.0,17.1
CYGFM02,Hawaii,2026-08-28T22:00:48Z,2026-08-28T22:01:13Z,0.4,10.0
FENGYUN 3F,Svalbard,2026-08-28T22:01:28Z,2026-08-28T22:10:27Z,9.0,25.9
FENGYUN 3H,Svalbard,2026-08-28T22:04:50Z,2026-08-28T22:11:44Z,6.9,16.8
FENGYUN 3H,Kiruna,2026-08-28T22:09:51Z,2026-08-28T22:12:46Z,2.9,11.0
CYGFM03,Hawaii,2026-08-28T22:11:28Z,2026-08-28T22:15:51Z,4.4,17.5
TIANMU-1 19,Kiruna,2026-08-28T22:11:50Z,2026-08-28T22:18:43Z,6.9,57.9
FENGYUN 3C,Svalbard,2026-08-28T22:13:02Z,2026-08-28T22:15:37Z,2.6,10.7
SENTINEL-3B,Kiruna,2026-08-28T22:13:22Z,2026-08-28T22:18:17Z,4.9,13.1
TIANMU-1 19,Svalbard,2026-08-28T22:14:18Z,2026-08-28T22:21:19Z,7.0,71.5
SENTINEL-3B,Svalbard,2026-08-28T22:14:28Z,2026-08-28T22:22:46Z,8.3,22.7
TIANMU-1 04,Svalbard,2026-08-28T22:16:37Z,2026-08-28T22:22:42Z,6.1,38.8
FENGYUN 3A,Hawaii,2026-08-28T22:20:35Z,2026-08-28T22:22:55Z,2.3,10.7
TIANMU-1 18,Svalbard,2026-08-28T22:21:28Z,2026-08-28T22:28:19Z,6.9,43.0
METOP-C,Svalbard,2026-08-28T22:21:59Z,2026-08-28T22:29:30Z,7.5,18.8
NOAA 21 (JPSS-2),Svalbard,2026-08-28T22:22:55Z,2026-08-28T22:30:33Z,7.6,19.1
TIANMU-1 22,Kiruna,2026-08-28T22:23:36Z,2026-08-28T22:30:36Z,7.0,70.5
FENGYUN 3B,Svalbard,2026-08-28T22:23:45Z,2026-08-28T22:29:53Z,6.1,14.9
CYGFM08,Hawaii,2026-08-28T22:24:19Z,2026-08-28T22:29:43Z,5.4,26.5
METEOR-M2 4,Svalbard,2026-08-28T22:25:28Z,2026-08-28T22:30:14Z,4.8,12.8
TIANMU-1 22,Svalbard,2026-08-28T22:26:10Z,2026-08-28T22:33:11Z,7.0,64.7
NOAA 21 (JPSS-2),Kiruna,2026-08-28T22:26:51Z,2026-08-28T22:32:46Z,5.9,14.6
TIANMU-1 06,Svalbard,2026-08-28T22:28:35Z,2026-08-28T22:34:42Z,6.1,38.9
SUOMI NPP,Hawaii,2026-08-28T22:38:07Z,2026-08-28T22:44:47Z,6.7,16.9
FENGYUN 3A,Svalbard,2026-08-28T22:39:15Z,2026-08-28T22:47:12Z,8.0,20.2
METEOR-M 2,Svalbard,2026-08-28T22:42:30Z,2026-08-28T22:45:32Z,3.0,11.1
FENGYUN 3A,Kiruna,2026-08-28T22:42:59Z,2026-08-28T22:49:40Z,6.7,16.2
TIANMU-1 05,Svalbard,2026-08-28T22:51:40Z,2026-08-28T22:57:50Z,6.2,40.0
TIANMU-1 17,Svalbard,2026-08-28T22:51:41Z,2026-08-28T22:58:30Z,6.8,42.1
SENTINEL-3A,Svalbard,2026-08-28T22:53:52Z,2026-08-28T23:01:10Z,7.3,18.5
NOAA 20 (JPSS-1),Hawaii,2026-08-28T22:55:46Z,2026-08-28T23:05:10Z,9.4,31.8
SUOMI NPP,Svalbard,2026-08-28T22:59:16Z,2026-08-28T23:07:29Z,8.2,21.5
SUOMI NPP,Kiruna,2026-08-28T23:02:42Z,2026-08-28T23:10:14Z,7.5,18.9
CYGFM05,Hawaii,2026-08-28T23:07:27Z,2026-08-28T23:13:47Z,6.3,71.8
FENGYUN 3D,Svalbard,2026-08-28T23:10:07Z,2026-08-28T23:13:18Z,3.2,11.2
TIANMU-1 16,Svalbard,2026-08-28T23:12:08Z,2026-08-28T23:18:57Z,6.8,42.4
METOP-SGA1,Svalbard,2026-08-28T23:12:26Z,2026-08-28T23:18:24Z,6.0,14.8
TIANMU-1 03,Svalbard,2026-08-28T23:13:47Z,2026-08-28T23:19:57Z,6.2,41.5
TIANMU-1 20,Kiruna,2026-08-28T23:18:26Z,2026-08-28T23:25:14Z,6.8,50.2
NOAA 20 (JPSS-1),Svalbard,2026-08-28T23:18:37Z,2026-08-28T23:27:25Z,8.8,24.7
TIANMU-1 20,Svalbard,2026-08-28T23:21:14Z,2026-08-28T23:27:53Z,6.7,41.3
NOAA 20 (JPSS-1),Kiruna,2026-08-28T23:21:43Z,2026-08-28T23:30:29Z,8.8,24.6
FENGYUN 3H,Hawaii,2026-08-28T23:21:57Z,2026-08-28T23:32:30Z,10.5,59.9
METEOR-M2 3,Svalbard,2026-08-28T23:23:26Z,2026-08-28T23:28:12Z,4.8,12.9
TIANMU-1 21,Kiruna,2026-08-28T23:25:04Z,2026-08-28T23:31:49Z,6.8,54.6
TIANMU-1 21,Svalbard,2026-08-28T23:27:51Z,2026-08-28T23:34:27Z,6.6,42.8
TIANMU-1 15,Svalbard,2026-08-28T23:31:26Z,2026-08-28T23:38:17Z,6.8,43.1
CYGFM01,Hawaii,2026-08-28T23:35:24Z,2026-08-28T23:41:22Z,6.0,37.7
NOAA 21 (JPSS-2),Hawaii,2026-08-28T23:39:47Z,2026-08-28T23:50:29Z,10.7,72.0
TIANMU-1 20,Hawaii,2026-08-28T23:42:46Z,2026-08-28T23:49:33Z,6.8,54.3
METOP-B,Svalbard,2026-08-28T23:43:35Z,2026-08-28T23:46:55Z,3.3,11.3
FENGYUN 3F,Svalbard,2026-08-28T23:44:53Z,2026-08-28T23:51:13Z,6.3,15.5
TIANMU-1 19,Kiruna,2026-08-28T23:45:26Z,2026-08-28T23:51:48Z,6.4,31.5
METEOR-M2 4,Hawaii,2026-08-28T23:45:32Z,2026-08-28T23:51:02Z,5.5,14.4
FENGYUN 3H,Svalbard,2026-08-28T23:45:37Z,2026-08-28T23:54:56Z,9.3,28.4
TIANMU-1 19,Svalbard,2026-08-28T23:48:10Z,2026-08-28T23:54:36Z,6.4,32.5
TIANMU-1 04,Svalbard,2026-08-28T23:48:20Z,2026-08-28T23:54:35Z,6.3,46.4
FENGYUN 3H,Kiruna,2026-08-28T23:48:29Z,2026-08-28T23:58:07Z,9.6,31.9
TIANMU-1 04,Kiruna,2026-08-28T23:48:54Z,2026-08-28T23:50:59Z,2.1,11.2
TIANMU-1 21,Hawaii,2026-08-28T23:49:29Z,2026-08-28T23:56:01Z,6.5,42.6
DMSP 5D-3 F18 (USA 210),Svalbard,2026-08-28T23:52:58Z,2026-08-28T23:57:46Z,4.8,12.8
FENGYUN 3C,Svalbard,2026-08-28T23:53:58Z,2026-08-29T00:00:39Z,6.7,16.2
TIANMU-1 18,Svalbard,2026-08-28T23:54:33Z,2026-08-29T00:01:27Z,6.9,45.1
TIANMU-1 18,Kiruna,2026-08-28T23:55:50Z,2026-08-28T23:57:46Z,1.9,10.9
FENGYUN 3A,Hawaii,2026-08-28T23:56:09Z,2026-08-29T00:06:42Z,10.5,57.2
TIANMU-1 22,Kiruna,2026-08-28T23:57:33Z,2026-08-29T00:03:37Z,6.1,26.4
SENTINEL-3B,Svalbard,2026-08-28T23:57:44Z,2026-08-29T00:02:59Z,5.2,13.6
TIANMU-1 22,Svalbard,2026-08-29T00:00:13Z,2026-08-29T00:06:30Z,6.3,29.6
TIANMU-1 06,Svalbard,2026-08-29T00:00:19Z,2026-08-29T00:06:36Z,6.3,48.0
TIANMU-1 06,Kiruna,2026-08-29T00:00:36Z,2026-08-29T00:03:09Z,2.6,11.9
NOAA 21 (JPSS-2),Svalbard,2026-08-29T00:03:44Z,2026-08-29T00:13:27Z,9.7,32.6
METEOR-M2 4,Svalbard,2026-08-29T00:05:59Z,2026-08-29T00:14:03Z,8.1,21.0
METOP-C,Svalbard,2026-08-29T00:06:11Z,2026-08-29T00:10:01Z,3.8,11.7
NOAA 21 (JPSS-2),Kiruna,2026-08-29T00:06:25Z,2026-08-29T00:16:39Z,10.2,41.3
TIANMU-1 19,Hawaii,2026-08-29T00:09:25Z,2026-08-29T00:16:02Z,6.6,42.5
METEOR-M2 4,Kiruna,2026-08-29T00:09:30Z,2026-08-29T00:16:43Z,7.2,17.9
SUOMI NPP,Hawaii,2026-08-29T00:16:21Z,2026-08-29T00:26:13Z,9.9,37.0
FENGYUN 3E,Svalbard,2026-08-29T00:17:55Z,2026-08-29T00:18:03Z,0.1,10.0
FENGYUN 3A,Svalbard,2026-08-29T00:20:04Z,2026-08-29T00:29:59Z,9.9,34.5
TIANMU-1 22,Hawaii,2026-08-29T00:21:35Z,2026-08-29T00:27:32Z,5.9,26.6
FENGYUN 3A,Kiruna,2026-08-29T00:22:43Z,2026-08-29T00:33:10Z,10.4,45.5
TIANMU-1 05,Kiruna,2026-08-29T00:22:55Z,2026-08-29T00:26:44Z,3.8,14.8
METEOR-M 2,Svalbard,2026-08-29T00:22:59Z,2026-08-29T00:29:59Z,7.0,17.3
TIANMU-1 05,Svalbard,2026-08-29T00:23:27Z,2026-08-29T00:29:50Z,6.4,54.5
TIANMU-1 17,Svalbard,2026-08-29T00:24:44Z,2026-08-29T00:31:42Z,7.0,49.2
TIANMU-1 17,Kiruna,2026-08-29T00:24:59Z,2026-08-29T00:28:26Z,3.5,13.1
METEOR-M 2,Kiruna,2026-08-29T00:27:45Z,2026-08-29T00:31:15Z,3.5,11.5
DMSP 5D-3 F17 (USA 191),Svalbard,2026-08-29T00:28:57Z,2026-08-29T00:31:00Z,2.1,10.5
NOAA 20 (JPSS-1),Hawaii,2026-08-29T00:36:47Z,2026-08-29T00:44:18Z,7.5,19.3
SENTINEL-3A,Svalbard,2026-08-29T00:37:45Z,2026-08-29T00:41:14Z,3.5,11.5
SUOMI NPP,Svalbard,2026-08-29T00:40:03Z,2026-08-29T00:50:05Z,10.0,37.1
SUOMI NPP,Kiruna,2026-08-29T00:42:37Z,2026-08-29T00:53:12Z,10.6,53.1
TIANMU-1 03,Kiruna,2026-08-29T00:44:33Z,2026-08-29T00:49:05Z,4.5,17.9
TIANMU-1 16,Kiruna,2026-08-29T00:44:50Z,2026-08-29T00:49:08Z,4.3,15.4
TIANMU-1 16,Svalbard,2026-08-29T00:45:11Z,2026-08-29T00:52:12Z,7.0,53.7
TIANMU-1 03,Svalbard,2026-08-29T00:45:34Z,2026-08-29T00:52:00Z,6.4,61.3
CYGFM05,Hawaii,2026-08-29T00:46:57Z,2026-08-29T00:49:34Z,2.6,11.9
FENGYUN 3D,Svalbard,2026-08-29T00:50:34Z,2026-08-29T00:57:51Z,7.3,18.0
METEOR-M2 2,Svalbard,2026-08-29T00:52:51Z,2026-08-29T00:58:18Z,5.5,13.9
TIANMU-1 20,Kiruna,2026-08-29T00:54:04Z,2026-08-29T00:57:18Z,3.2,12.7
FENGYUN 3D,Kiruna,2026-08-29T00:54:43Z,2026-08-29T00:59:50Z,5.1,13.3
TIANMU-1 20,Svalbard,2026-08-29T00:55:46Z,2026-08-29T01:01:01Z,5.3,19.7
NOAA 20 (JPSS-1),Svalbard,2026-08-29T00:59:23Z,2026-08-29T01:09:42Z,10.3,42.9
TIANMU-1 21,Kiruna,2026-08-29T01:00:18Z,2026-08-29T01:03:52Z,3.6,13.4
NOAA 20 (JPSS-1),Kiruna,2026-08-29T01:01:51Z,2026-08-29T01:12:40Z,10.8,69.4
TIANMU-1 21,Svalbard,2026-08-29T01:02:10Z,2026-08-29T01:07:26Z,5.3,20.2
TIANMU-1 15,Kiruna,2026-08-29T01:03:46Z,2026-08-29T01:08:37Z,4.8,17.4
TIANMU-1 15,Svalbard,2026-08-29T01:04:31Z,2026-08-29T01:11:34Z,7.1,57.8
FENGYUN 3C,Hawaii,2026-08-29T01:11:46Z,2026-08-29T01:21:57Z,10.2,40.7
DMSP 5D-3 F18 (USA 210),Hawaii,2026-08-29T01:13:26Z,2026-08-29T01:19:09Z,5.7,14.6
TIANMU-1 04,Kiruna,2026-08-29T01:18:25Z,2026-08-29T01:23:58Z,5.6,26.6
TIANMU-1 04,Svalbard,2026-08-29T01:20:11Z,2026-08-29T01:26:40Z,6.5,79.1
METEOR-M2 4,Hawaii,2026-08-29T01:22:52Z,2026-08-29T01:32:53Z,10.0,42.5
TIANMU-1 19,Svalbard,2026-08-29T01:23:12Z,2026-08-29T01:27:43Z,4.5,16.0
FENGYUN 3H,Svalbard,2026-08-29T01:26:21Z,2026-08-29T01:36:53Z,10.5,49.8
TIANMU-1 18,Kiruna,2026-08-29T01:26:25Z,2026-08-29T01:31:58Z,5.6,21.4
METEOSAT-9 (MSG-2),Kiruna,2026-08-29T01:26:29Z,2026-08-29T14:35:11Z,788.7,21.3
TIANMU-1 18,Svalbard,2026-08-29T01:27:40Z,2026-08-29T01:34:48Z,7.1,65.5
FENGYUN 3H,Kiruna,2026-08-29T01:28:45Z,2026-08-29T01:39:36Z,10.9,88.4
FENGYUN 3F,Svalbard,2026-08-29T01:30:05Z,2026-08-29T01:31:24Z,1.3,10.2
TIANMU-1 06,Kiruna,2026-08-29T01:30:19Z,2026-08-29T01:36:03Z,5.7,29.2
TIANMU-1 06,Svalbard,2026-08-29T01:32:13Z,2026-08-29T01:38:43Z,6.5,83.5
DMSP 5D-3 F18 (USA 210),Svalbard,2026-08-29T01:34:00Z,2026-08-29T01:42:09Z,8.2,20.9
FENGYUN 3C,Svalbard,2026-08-29T01:35:05Z,2026-08-29T01:44:18Z,9.2,27.0
TIANMU-1 22,Svalbard,2026-08-29T01:35:28Z,2026-08-29T01:39:36Z,4.1,14.7
DMSP 5D-3 F18 (USA 210),Kiruna,2026-08-29T01:37:32Z,2026-08-29T01:44:49Z,7.3,17.8
FENGYUN 3C,Kiruna,2026-08-29T01:38:06Z,2026-08-29T01:47:25Z,9.3,28.0
METEOR-M 2,Hawaii,2026-08-29T01:39:58Z,2026-08-29T01:50:33Z,10.6,64.1
NOAA 21 (JPSS-2),Svalbard,2026-08-29T01:44:27Z,2026-08-29T01:55:09Z,10.7,57.0
METEOR-M2 4,Svalbard,2026-08-29T01:46:35Z,2026-08-29T01:56:30Z,9.9,36.1
NOAA 21 (JPSS-2),Kiruna,2026-08-29T01:46:47Z,2026-08-29T01:57:35Z,10.8,73.8
METEOR-M2 4,Kiruna,2026-08-29T01:49:10Z,2026-08-29T01:59:39Z,10.5,50.4
TIANMU-1 05,Kiruna,2026-08-29T01:53:15Z,2026-08-29T01:59:26Z,6.2,41.9
TIANMU-1 05,Svalbard,2026-08-29T01:55:30Z,2026-08-29T02:02:02Z,6.5,80.3
TIANMU-1 17,Kiruna,2026-08-29T01:56:07Z,2026-08-29T02:02:25Z,6.3,29.3
ARKTIKA-M 2,Svalbard,2026-08-29T01:56:55Z,2026-08-29T10:54:27Z,537.5,47.7
FENGYUN 3E,Svalbard,2026-08-29T01:57:36Z,2026-08-29T02:03:47Z,6.2,15.2
TIANMU-1 17,Svalbard,2026-08-29T01:57:56Z,2026-08-29T02:05:07Z,7.2,79.0
FENGYUN 3A,Svalbard,2026-08-29T02:00:47Z,2026-08-29T02:11:35Z,10.8,60.0
FENGYUN 3A,Kiruna,2026-08-29T02:03:06Z,2026-08-29T02:13:54Z,10.8,68.2
METEOR-M 2,Svalbard,2026-08-29T02:03:40Z,2026-08-29T02:13:01Z,9.3,29.2
METEOR-M 2,Kiruna,2026-08-29T02:06:31Z,2026-08-29T02:16:12Z,9.7,33.1
FENGYUN 3D,Hawaii,2026-08-29T02:07:18Z,2026-08-29T02:18:04Z,10.8,81.3
DMSP 5D-3 F17 (USA 191),Svalbard,2026-08-29T02:09:45Z,2026-08-29T02:16:19Z,6.6,15.8
METEOR-M2 2,Hawaii,2026-08-29T02:10:33Z,2026-08-29T02:19:31Z,9.0,28.7
TIANMU-1 03,Kiruna,2026-08-29T02:15:16Z,2026-08-29T02:21:40Z,6.4,58.5
TIANMU-1 16,Kiruna,2026-08-29T02:16:20Z,2026-08-29T02:23:02Z,6.7,38.3
TIANMU-1 03,Svalbard,2026-08-29T02:17:44Z,2026-08-29T02:24:13Z,6.5,67.4
TIANMU-1 16,Svalbard,2026-08-29T02:18:28Z,2026-08-29T02:25:41Z,7.2,89.1
ARKTIKA-M 2,Kiruna,2026-08-29T02:18:47Z,2026-08-29T10:34:00Z,495.2,38.2
SUOMI NPP,Svalbard,2026-08-29T02:20:45Z,2026-08-29T02:31:31Z,10.8,64.3
SUOMI NPP,Kiruna,2026-08-29T02:23:01Z,2026-08-29T02:33:37Z,10.6,59.5
DMSP 5D-3 F16 (USA 172),Svalbard,2026-08-29T02:23:23Z,2026-08-29T02:27:12Z,3.8,11.7
FENGYUN 3D,Svalbard,2026-08-29T02:31:18Z,2026-08-29T02:40:51Z,9.5,30.6
METEOR-M2 2,Svalbard,2026-08-29T02:33:11Z,2026-08-29T02:41:39Z,8.5,23.4
FENGYUN 3D,Kiruna,2026-08-29T02:34:01Z,2026-08-29T02:44:04Z,10.0,37.8
TIANMU-1 15,Kiruna,2026-08-29T02:35:33Z,2026-08-29T02:42:28Z,6.9,47.6
METEOR-M2 2,Kiruna,2026-08-29T02:36:19Z,2026-08-29T02:44:40Z,8.4,22.8
TIANMU-1 15,Svalbard,2026-08-29T02:37:53Z,2026-08-29T02:45:05Z,7.2,79.8
TIANMU-1 21,Svalbard,2026-08-29T02:38:44Z,2026-08-29T02:39:12Z,0.5,10.0
NOAA 20 (JPSS-1),Svalbard,2026-08-29T02:40:02Z,2026-08-29T02:50:53Z,10.8,72.9
NOAA 20 (JPSS-1),Kiruna,2026-08-29T02:42:16Z,2026-08-29T02:52:36Z,10.3,48.0
TIANMU-1 04,Kiruna,2026-08-29T02:49:51Z,2026-08-29T02:56:19Z,6.5,72.6
DMSP 5D-3 F18 (USA 210),Hawaii,2026-08-29T02:51:15Z,2026-08-29T03:01:29Z,10.2,43.3
CYGFM02,Hawaii,2026-08-29T02:51:45Z,2026-08-29T02:56:12Z,4.5,18.7
TIANMU-1 04,Svalbard,2026-08-29T02:52:35Z,2026-08-29T02:58:53Z,6.3,47.4
FENGYUN 3C,Hawaii,2026-08-29T02:54:09Z,2026-08-29T03:00:27Z,6.3,15.5
TIANMU-1 18,Kiruna,2026-08-29T02:58:37Z,2026-08-29T03:05:45Z,7.1,67.7
TIANMU-1 18,Svalbard,2026-08-29T03:01:10Z,2026-08-29T03:08:21Z,7.2,66.8
TIANMU-1 06,Kiruna,2026-08-29T03:01:55Z,2026-08-29T03:08:21Z,6.4,63.2
TIANMU-1 06,Svalbard,2026-08-29T03:04:40Z,2026-08-29T03:10:56Z,6.3,44.2
CYGFM03,Hawaii,2026-08-29T03:06:29Z,2026-08-29T03:09:01Z,2.5,11.9
FENGYUN 3H,Svalbard,2026-08-29T03:06:56Z,2026-08-29T03:17:49Z,10.9,81.9
FENGYUN 3H,Kiruna,2026-08-29T03:09:07Z,2026-08-29T03:19:05Z,10.0,39.4
TIANMU-1 04,Hawaii,2026-08-29T03:14:53Z,2026-08-29T03:19:37Z,4.7,19.3
DMSP 5D-3 F18 (USA 210),Svalbard,2026-08-29T03:15:07Z,2026-08-29T03:25:10Z,10.1,35.8
FENGYUN 3E,Hawaii,2026-08-29T03:15:18Z,2026-08-29T03:25:00Z,9.7,35.6
FENGYUN 3C,Svalbard,2026-08-29T03:16:10Z,2026-08-29T03:26:43Z,10.6,47.0
DMSP 5D-3 F18 (USA 210),Kiruna,2026-08-29T03:17:42Z,2026-08-29T03:28:20Z,10.6,49.7
FENGYUN 3C,Kiruna,2026-08-29T03:18:37Z,2026-08-29T03:29:34Z,10.9,78.7
NOAA 21 (JPSS-2),Svalbard,2026-08-29T03:25:01Z,2026-08-29T03:35:54Z,10.9,89.6
TIANMU-1 05,Kiruna,2026-08-29T03:25:27Z,2026-08-29T03:31:38Z,6.2,39.4
TIANMU-1 06,Hawaii,2026-08-29T03:26:35Z,2026-08-29T03:32:00Z,5.4,25.7
METEOR-M2 4,Svalbard,2026-08-29T03:27:05Z,2026-08-29T03:37:47Z,10.7,62.9
NOAA 21 (JPSS-2),Kiruna,2026-08-29T03:27:08Z,2026-08-29T03:36:44Z,9.6,33.5
DMSP 5D-3 F17 (USA 191),Hawaii,2026-08-29T03:27:38Z,2026-08-29T03:37:44Z,10.1,38.7
TIANMU-1 05,Svalbard,2026-08-29T03:28:14Z,2026-08-29T03:34:18Z,6.1,35.0
TIANMU-1 17,Kiruna,2026-08-29T03:28:54Z,2026-08-29T03:36:05Z,7.2,75.0
METEOR-M2 4,Kiruna,2026-08-29T03:29:21Z,2026-08-29T03:39:58Z,10.6,61.9
TIANMU-1 17,Svalbard,2026-08-29T03:31:39Z,2026-08-29T03:38:42Z,7.0,51.4
CYGFM04,Hawaii,2026-08-29T03:34:51Z,2026-08-29T03:40:00Z,5.1,23.9
FENGYUN 3B,Svalbard,2026-08-29T03:35:12Z,2026-08-29T03:38:15Z,3.0,11.0
FENGYUN 3E,Svalbard,2026-08-29T03:38:21Z,2026-08-29T03:47:16Z,8.9,25.3
FENGYUN 3A,Svalbard,2026-08-29T03:41:20Z,2026-08-29T03:52:16Z,10.9,87.7
FENGYUN 3E,Kiruna,2026-08-29T03:41:24Z,2026-08-29T03:50:21Z,9.0,25.8
FENGYUN 3A,Kiruna,2026-08-29T03:43:26Z,2026-08-29T03:52:56Z,9.5,31.9
METEOR-M 2,Svalbard,2026-08-29T03:44:19Z,2026-08-29T03:54:49Z,10.5,51.2
METEOR-M 2,Kiruna,2026-08-29T03:46:42Z,2026-08-29T03:57:30Z,10.8,88.3
TIANMU-1 03,Kiruna,2026-08-29T03:47:58Z,2026-08-29T03:53:42Z,5.7,28.1
CYGFM07,Hawaii,2026-08-29T03:48:48Z,2026-08-29T03:54:09Z,5.3,26.0
METEOSAT-10 (MSG-3),Kiruna,2026-08-29T03:49:00Z,2026-08-29T19:14:08Z,925.1,17.1
TIANMU-1 05,Hawaii,2026-08-29T03:49:24Z,2026-08-29T03:55:46Z,6.4,83.4
TIANMU-1 16,Kiruna,2026-08-29T03:49:34Z,2026-08-29T03:56:36Z,7.0,51.7
TIANMU-1 03,Svalbard,2026-08-29T03:50:40Z,2026-08-29T03:56:29Z,5.8,29.3
METEOR-M2 2,Hawaii,2026-08-29T03:50:48Z,2026-08-29T03:58:38Z,7.8,21.0
DMSP 5D-3 F17 (USA 191),Svalbard,2026-08-29T03:50:54Z,2026-08-29T04:00:05Z,9.2,26.2
TIANMU-1 16,Svalbard,2026-08-29T03:52:22Z,2026-08-29T03:59:16Z,6.9,42.5
DMSP 5D-3 F17 (USA 191),Kiruna,2026-08-29T03:53:56Z,2026-08-29T04:03:12Z,9.3,27.0
TIANMU-1 17,Hawaii,2026-08-29T03:54:07Z,2026-08-29T03:59:52Z,5.7,22.9
SUOMI NPP,Svalbard,2026-08-29T04:01:15Z,2026-08-29T04:12:06Z,10.9,84.1
TIANMU-1 12,Svalbard,2026-08-29T04:02:28Z,2026-08-29T04:05:31Z,3.0,12.2
SUOMI NPP,Kiruna,2026-08-29T04:03:17Z,2026-08-29T04:12:28Z,9.2,29.4
DMSP 5D-3 F16 (USA 172),Svalbard,2026-08-29T04:04:23Z,2026-08-29T04:11:59Z,7.6,18.5
DMSP 5D-3 F16 (USA 172),Kiruna,2026-08-29T04:08:29Z,2026-08-29T04:14:02Z,5.6,13.8
TIANMU-1 15,Kiruna,2026-08-29T04:09:09Z,2026-08-29T04:15:57Z,6.8,39.8
TIANMU-1 03,Hawaii,2026-08-29T04:11:42Z,2026-08-29T04:17:39Z,6.0,37.6
TIANMU-1 15,Svalbard,2026-08-29T04:11:57Z,2026-08-29T04:18:41Z,6.7,37.1
FENGYUN 3D,Svalbard,2026-08-29T04:12:00Z,2026-08-29T04:22:37Z,10.6,53.5
METEOR-M2 2,Svalbard,2026-08-29T04:13:36Z,2026-08-29T04:23:40Z,10.1,40.7
TIANMU-1 16,Hawaii,2026-08-29T04:14:01Z,2026-08-29T04:20:59Z,7.0,54.1
FENGYUN 3D,Kiruna,2026-08-29T04:14:19Z,2026-08-29T04:25:08Z,10.8,79.8
METEOR-M2 2,Kiruna,2026-08-29T04:16:03Z,2026-08-29T04:26:39Z,10.6,65.2
NOAA 20 (JPSS-1),Svalbard,2026-08-29T04:20:29Z,2026-08-29T04:31:19Z,10.8,77.9
NOAA 20 (JPSS-1),Kiruna,2026-08-29T04:22:26Z,2026-08-29T04:31:12Z,8.8,26.0
METOP-SGA1,Svalbard,2026-08-29T04:22:31Z,2026-08-29T04:25:12Z,2.7,10.8
TIANMU-1 04,Kiruna,2026-08-29T04:23:39Z,2026-08-29T04:27:50Z,4.2,15.9
TIANMU-1 14,Svalbard,2026-08-29T04:23:44Z,2026-08-29T04:27:52Z,4.1,14.5
TIANMU-1 04,Svalbard,2026-08-29T04:25:54Z,2026-08-29T04:31:03Z,5.2,21.4
TIANMU-1 13,Hawaii,2026-08-29T04:26:17Z,2026-08-29T04:31:24Z,5.1,18.9
TIANMU-1 14,Kiruna,2026-08-29T04:27:04Z,2026-08-29T04:30:14Z,3.2,12.4
CYGFM02,Hawaii,2026-08-29T04:27:54Z,2026-08-29T04:33:35Z,5.7,40.7
TIANMU-1 11,Svalbard,2026-08-29T04:28:12Z,2026-08-29T04:32:19Z,4.1,14.5
TIANMU-1 11,Kiruna,2026-08-29T04:31:31Z,2026-08-29T04:34:43Z,3.2,12.5
METEOR-M2 3,Svalbard,2026-08-29T04:31:41Z,2026-08-29T04:35:49Z,4.1,12.1
TIANMU-1 18,Kiruna,2026-08-29T04:32:46Z,2026-08-29T04:39:05Z,6.3,28.2
TIANMU-1 15,Hawaii,2026-08-29T04:33:19Z,2026-08-29T04:40:25Z,7.1,77.2
TIANMU-1 18,Svalbard,2026-08-29T04:35:27Z,2026-08-29T04:41:57Z,6.5,30.9
TIANMU-1 06,Kiruna,2026-08-29T04:36:01Z,2026-08-29T04:39:44Z,3.7,14.3
TIANMU-1 06,Svalbard,2026-08-29T04:38:05Z,2026-08-29T04:43:06Z,5.0,20.2
CYGFM03,Hawaii,2026-08-29T04:42:01Z,2026-08-29T04:48:11Z,6.2,76.2
FENGYUN 3H,Svalbard,2026-08-29T04:47:18Z,2026-08-29T04:58:05Z,10.8,72.4
TIANMU-1 13,Svalbard,2026-08-29T04:47:27Z,2026-08-29T04:52:16Z,4.8,16.8
FENGYUN 3H,Kiruna,2026-08-29T04:49:08Z,2026-08-29T04:57:29Z,8.4,23.5
TIANMU-1 13,Kiruna,2026-08-29T04:50:20Z,2026-08-29T04:55:04Z,4.7,16.5
METOP-B,Svalbard,2026-08-29T04:50:57Z,2026-08-29T04:56:30Z,5.6,14.0
CYGFM08,Hawaii,2026-08-29T04:55:37Z,2026-08-29T05:01:30Z,5.9,39.9
FENGYUN 3F,Svalbard,2026-08-29T04:55:39Z,2026-08-29T04:57:56Z,2.3,10.6
DMSP 5D-3 F18 (USA 210),Svalbard,2026-08-29T04:56:08Z,2026-08-29T05:07:00Z,10.9,62.0
FENGYUN 3E,Hawaii,2026-08-29T04:56:49Z,2026-08-29T05:03:40Z,6.8,17.2
TIANMU-1 18,Hawaii,2026-08-29T04:56:50Z,2026-08-29T05:03:10Z,6.3,30.2
FENGYUN 3C,Svalbard,2026-08-29T04:57:05Z,2026-08-29T05:08:03Z,11.0,78.7
DMSP 5D-3 F18 (USA 210),Kiruna,2026-08-29T04:58:24Z,2026-08-29T05:09:12Z,10.8,63.6
FENGYUN 3C,Kiruna,2026-08-29T04:59:19Z,2026-08-29T05:09:34Z,10.2,43.3
TIANMU-1 05,Svalbard,2026-08-29T05:02:03Z,2026-08-29T05:06:24Z,4.4,16.5
TIANMU-1 17,Kiruna,2026-08-29T05:03:57Z,2026-08-29T05:09:05Z,5.1,18.3
NOAA 21 (JPSS-2),Svalbard,2026-08-29T05:05:20Z,2026-08-29T05:16:06Z,10.8,69.0
SENTINEL-3B,Svalbard,2026-08-29T05:06:15Z,2026-08-29T05:09:06Z,2.8,11.0
TIANMU-1 17,Svalbard,2026-08-29T05:06:16Z,2026-08-29T05:12:17Z,6.0,24.3
NOAA 21 (JPSS-2),Kiruna,2026-08-29T05:07:00Z,2026-08-29T05:15:04Z,8.1,22.0
METEOR-M2 4,Svalbard,2026-08-29T05:07:23Z,2026-08-29T05:18:12Z,10.8,84.9
METEOR-M2 4,Kiruna,2026-08-29T05:09:28Z,2026-08-29T05:18:40Z,9.2,29.9
DMSP 5D-3 F17 (USA 191),Hawaii,2026-08-29T05:09:48Z,2026-08-29T05:16:28Z,6.7,16.4
CYGFM04,Hawaii,2026-08-29T05:11:38Z,2026-08-29T05:17:07Z,5.5,29.8
TIANMU-1 12,Hawaii,2026-08-29T05:13:20Z,2026-08-29T05:20:23Z,7.0,63.3
METOP-C,Svalbard,2026-08-29T05:13:59Z,2026-08-29T05:19:11Z,5.2,13.4
FENGYUN 3B,Svalbard,2026-08-29T05:16:06Z,2026-08-29T05:23:16Z,7.2,17.2
FENGYUN 3E,Svalbard,2026-08-29T05:19:06Z,2026-08-29T05:29:28Z,10.4,44.1
FENGYUN 3B,Kiruna,2026-08-29T05:20:50Z,2026-08-29T05:24:38Z,3.8,11.6
DMSP 5D-3 F16 (USA 172),Hawaii,2026-08-29T05:21:29Z,2026-08-29T05:32:24Z,10.9,81.4
FENGYUN 3E,Kiruna,2026-08-29T05:21:33Z,2026-08-29T05:32:23Z,10.8,72.8
FENGYUN 3A,Svalbard,2026-08-29T05:21:37Z,2026-08-29T05:32:26Z,10.8,68.0
FENGYUN 3A,Kiruna,2026-08-29T05:23:12Z,2026-08-29T05:31:16Z,8.1,21.7
METEOR-M 2,Svalbard,2026-08-29T05:24:47Z,2026-08-29T05:35:37Z,10.8,84.1
TIANMU-1 03,Svalbard,2026-08-29T05:24:49Z,2026-08-29T05:28:27Z,3.6,14.0
TIANMU-1 16,Kiruna,2026-08-29T05:25:29Z,2026-08-29T05:29:09Z,3.7,13.4
CYGFM07,Hawaii,2026-08-29T05:25:49Z,2026-08-29T05:31:12Z,5.4,27.1
METEOR-M 2,Kiruna,2026-08-29T05:26:59Z,2026-08-29T05:36:49Z,9.8,37.8
TIANMU-1 16,Svalbard,2026-08-29T05:27:16Z,2026-08-29T05:32:49Z,5.5,20.5
TIANMU-1 17,Hawaii,2026-08-29T05:29:34Z,2026-08-29T05:30:36Z,1.0,10.2
DMSP 5D-3 F17 (USA 191),Svalbard,2026-08-29T05:32:01Z,2026-08-29T05:42:35Z,10.6,45.5
DMSP 5D-3 F17 (USA 191),Kiruna,2026-08-29T05:34:28Z,2026-08-29T05:45:29Z,11.0,75.4
TIANMU-1 14,Hawaii,2026-08-29T05:35:20Z,2026-08-29T05:41:16Z,5.9,24.9
TIANMU-1 12,Svalbard,2026-08-29T05:35:39Z,2026-08-29T05:41:37Z,6.0,24.0
TIANMU-1 12,Kiruna,2026-08-29T05:38:05Z,2026-08-29T05:44:38Z,6.6,32.7
TIANMU-1 11,Hawaii,2026-08-29T05:39:47Z,2026-08-29T05:45:40Z,5.9,24.1
CYGFM05,Hawaii,2026-08-29T05:40:49Z,2026-08-29T05:45:31Z,4.7,18.9
SUOMI NPP,Svalbard,2026-08-29T05:41:30Z,2026-08-29T05:52:14Z,10.7,67.2
SUOMI NPP,Kiruna,2026-08-29T05:42:55Z,2026-08-29T05:50:50Z,7.9,21.3
SENTINEL-3A,Svalbard,2026-08-29T05:44:26Z,2026-08-29T05:49:14Z,4.8,13.0
DMSP 5D-3 F16 (USA 172),Svalbard,2026-08-29T05:45:32Z,2026-08-29T05:55:20Z,9.8,31.5
TIANMU-1 15,Kiruna,2026-08-29T05:46:10Z,2026-08-29T05:47:44Z,1.6,10.5
TIANMU-1 15,Svalbard,2026-08-29T05:47:04Z,2026-08-29T05:52:12Z,5.1,18.2
TIANMU-1 09,Svalbard,2026-08-29T05:47:41Z,2026-08-29T05:50:22Z,2.7,11.7
DMSP 5D-3 F16 (USA 172),Kiruna,2026-08-29T05:48:16Z,2026-08-29T05:58:34Z,10.3,38.7
FENGYUN 3D,Svalbard,2026-08-29T05:52:32Z,2026-08-29T06:03:25Z,10.9,85.4
METEOR-M2 2,Svalbard,2026-08-29T05:53:54Z,2026-08-29T06:04:34Z,10.7,70.0
FENGYUN 3D,Kiruna,2026-08-29T05:54:37Z,2026-08-29T06:04:22Z,9.7,35.7
METEOR-M2 2,Kiruna,2026-08-29T05:56:06Z,2026-08-29T06:06:21Z,10.2,50.0
TIANMU-1 14,Svalbard,2026-08-29T05:57:07Z,2026-08-29T06:03:29Z,6.4,28.8
TIANMU-1 14,Kiruna,2026-08-29T05:59:28Z,2026-08-29T06:06:26Z,7.0,47.4
TIANMU-1 13,Hawaii,2026-08-29T06:00:34Z,2026-08-29T06:03:38Z,3.1,12.3
NOAA 20 (JPSS-1),Svalbard,2026-08-29T06:00:41Z,2026-08-29T06:11:24Z,10.7,65.6
TIANMU-1 04,Svalbard,2026-08-29T06:01:08Z,2026-08-29T06:02:16Z,1.1,10.3
TIANMU-1 11,Svalbard,2026-08-29T06:01:34Z,2026-08-29T06:07:55Z,6.3,28.9
NOAA 20 (JPSS-1),Kiruna,2026-08-29T06:01:49Z,2026-08-29T06:09:39Z,7.8,20.9
METOP-SGA1,Svalbard,2026-08-29T06:02:52Z,2026-08-29T06:09:46Z,6.9,16.9
TIANMU-1 11,Kiruna,2026-08-29T06:03:54Z,2026-08-29T06:10:51Z,6.9,48.0
METOP-SGA1,Kiruna,2026-08-29T06:07:45Z,2026-08-29T06:10:57Z,3.2,11.2
CYGFM01,Hawaii,2026-08-29T06:07:58Z,2026-08-29T06:13:36Z,5.6,29.2
METOP-B,Hawaii,2026-08-29T06:09:26Z,2026-08-29T06:17:45Z,8.3,23.5
METEOSAT-9 (MSG-2),Svalbard,2026-08-29T06:10:41Z,2026-08-29T09:46:07Z,215.4,11.1
TIANMU-1 18,Svalbard,2026-08-29T06:10:55Z,2026-08-29T06:15:23Z,4.5,15.4
METEOR-M2 3,Svalbard,2026-08-29T06:12:03Z,2026-08-29T06:19:43Z,7.7,19.5
TIANMU-1 08,Svalbard,2026-08-29T06:13:01Z,2026-08-29T06:16:51Z,3.8,13.8
TIANMU-1 10,Hawaii,2026-08-29T06:14:40Z,2026-08-29T06:18:39Z,4.0,14.5
METEOR-M2 3,Kiruna,2026-08-29T06:15:50Z,2026-08-29T06:22:04Z,6.2,15.4
TIANMU-1 08,Kiruna,2026-08-29T06:16:40Z,2026-08-29T06:18:53Z,2.2,11.1
TIANMU-1 13,Svalbard,2026-08-29T06:20:56Z,2026-08-29T06:27:34Z,6.6,33.8
TIANMU-1 13,Kiruna,2026-08-29T06:23:14Z,2026-08-29T06:30:23Z,7.2,66.3
FENGYUN 3H,Svalbard,2026-08-29T06:27:25Z,2026-08-29T06:38:07Z,10.7,64.4
FENGYUN 3H,Kiruna,2026-08-29T06:28:15Z,2026-08-29T06:36:05Z,7.8,20.9
METOP-B,Svalbard,2026-08-29T06:31:35Z,2026-08-29T06:40:06Z,8.5,23.3
METOP-C,Hawaii,2026-08-29T06:33:11Z,2026-08-29T06:40:19Z,7.1,18.4
CYGFM08,Hawaii,2026-08-29T06:33:25Z,2026-08-29T06:37:34Z,4.2,16.7
FENGYUN 3B,Hawaii,2026-08-29T06:33:29Z,2026-08-29T06:44:10Z,10.7,67.1
METOP-B,Kiruna,2026-08-29T06:34:48Z,2026-08-29T06:43:02Z,8.2,21.9
TIANMU-1 10,Svalbard,2026-08-29T06:35:14Z,2026-08-29T06:39:48Z,4.6,15.9
FENGYUN 3F,Svalbard,2026-08-29T06:36:04Z,2026-08-29T06:42:47Z,6.7,16.4
DMSP 5D-3 F18 (USA 210),Svalbard,2026-08-29T06:36:58Z,2026-08-29T06:47:57Z,11.0,86.5
FENGYUN 3C,Svalbard,2026-08-29T06:37:46Z,2026-08-29T06:48:41Z,10.9,73.8
TIANMU-1 10,Kiruna,2026-08-29T06:38:15Z,2026-08-29T06:42:28Z,4.2,14.9
TIANMU-1 07,Hawaii,2026-08-29T06:38:42Z,2026-08-29T06:45:13Z,6.5,36.3
DMSP 5D-3 F18 (USA 210),Kiruna,2026-08-29T06:38:59Z,2026-08-29T06:48:26Z,9.4,30.9
FENGYUN 3C,Kiruna,2026-08-29T06:39:43Z,2026-08-29T06:48:20Z,8.6,24.5
FENGYUN 3F,Kiruna,2026-08-29T06:41:43Z,2026-08-29T06:43:07Z,1.4,10.2
TIANMU-1 17,Svalbard,2026-08-29T06:42:20Z,2026-08-29T06:45:27Z,3.1,12.3
NOAA 21 (JPSS-2),Svalbard,2026-08-29T06:45:26Z,2026-08-29T06:56:10Z,10.7,65.2
NOAA 21 (JPSS-2),Kiruna,2026-08-29T06:45:52Z,2026-08-29T06:53:55Z,8.1,21.9
SENTINEL-3B,Svalbard,2026-08-29T06:46:13Z,2026-08-29T06:53:12Z,7.0,17.5
METEOR-M2 4,Svalbard,2026-08-29T06:47:28Z,2026-08-29T06:58:09Z,10.7,66.9
METEOR-M2 4,Kiruna,2026-08-29T06:48:58Z,2026-08-29T06:56:48Z,7.8,21.1
SENTINEL-3B,Kiruna,2026-08-29T06:50:36Z,2026-08-29T06:54:54Z,4.3,12.3
METOP-C,Svalbard,2026-08-29T06:54:36Z,2026-08-29T07:02:54Z,8.3,22.1
FENGYUN 3B,Svalbard,2026-08-29T06:57:14Z,2026-08-29T07:06:48Z,9.6,29.0
METOP-C,Kiruna,2026-08-29T06:57:58Z,2026-08-29T07:05:43Z,7.8,19.8
TIANMU-1 09,Hawaii,2026-08-29T06:58:19Z,2026-08-29T07:05:21Z,7.0,85.1
FENGYUN 3E,Svalbard,2026-08-29T06:59:43Z,2026-08-29T07:10:35Z,10.9,74.6
FENGYUN 3B,Kiruna,2026-08-29T07:00:04Z,2026-08-29T07:10:02Z,10.0,33.1
TIANMU-1 07,Svalbard,2026-08-29T07:00:38Z,2026-08-29T07:05:56Z,5.3,19.3
FENGYUN 3A,Svalbard,2026-08-29T07:01:42Z,2026-08-29T07:12:30Z,10.8,65.7
FENGYUN 3E,Kiruna,2026-08-29T07:01:56Z,2026-08-29T07:12:12Z,10.3,46.1
FENGYUN 3A,Kiruna,2026-08-29T07:01:59Z,2026-08-29T07:10:12Z,8.2,22.5
TIANMU-1 07,Kiruna,2026-08-29T07:03:17Z,2026-08-29T07:08:54Z,5.6,21.4
SENTINEL-3A,Hawaii,2026-08-29T07:03:30Z,2026-08-29T07:10:03Z,6.5,16.9
TIANMU-1 16,Svalbard,2026-08-29T07:04:04Z,2026-08-29T07:05:30Z,1.4,10.4
METEOR-M 2,Svalbard,2026-08-29T07:05:02Z,2026-08-29T07:15:46Z,10.7,70.7
METEOR-M 2,Kiruna,2026-08-29T07:06:54Z,2026-08-29T07:15:05Z,8.2,22.7
TIANMU-1 12,Svalbard,2026-08-29T07:09:15Z,2026-08-29T07:16:16Z,7.0,51.0
TIANMU-1 12,Kiruna,2026-08-29T07:11:30Z,2026-08-29T07:18:33Z,7.0,57.4
DMSP 5D-3 F17 (USA 191),Svalbard,2026-08-29T07:12:58Z,2026-08-29T07:24:01Z,11.0,76.1
DMSP 5D-3 F17 (USA 191),Kiruna,2026-08-29T07:15:11Z,2026-08-29T07:25:35Z,10.4,45.4
CYGFM05,Hawaii,2026-08-29T07:17:32Z,2026-08-29T07:23:39Z,6.1,47.0
METOP-SGA1,Hawaii,2026-08-29T07:19:51Z,2026-08-29T07:30:23Z,10.5,63.3
TIANMU-1 09,Svalbard,2026-08-29T07:20:35Z,2026-08-29T07:26:25Z,5.8,23.0
SUOMI NPP,Svalbard,2026-08-29T07:21:34Z,2026-08-29T07:32:18Z,10.7,67.5
SUOMI NPP,Kiruna,2026-08-29T07:21:34Z,2026-08-29T07:29:56Z,8.4,23.6
TIANMU-1 09,Kiruna,2026-08-29T07:23:04Z,2026-08-29T07:29:26Z,6.4,29.8
TIANMU-1 08,Hawaii,2026-08-29T07:24:10Z,2026-08-29T07:30:34Z,6.4,32.7
SENTINEL-3A,Svalbard,2026-08-29T07:24:37Z,2026-08-29T07:32:40Z,8.0,21.4
DMSP 5D-3 F16 (USA 172),Svalbard,2026-08-29T07:26:36Z,2026-08-29T07:37:28Z,10.9,54.5
SENTINEL-3A,Kiruna,2026-08-29T07:28:01Z,2026-08-29T07:35:25Z,7.4,18.9
METEOR-M2 3,Hawaii,2026-08-29T07:28:41Z,2026-08-29T07:39:09Z,10.5,62.5
DMSP 5D-3 F16 (USA 172),Kiruna,2026-08-29T07:28:56Z,2026-08-29T07:39:59Z,11.1,79.4
ELEKTRO-L 2,Kiruna,2026-08-29T07:30:29Z,2026-08-29T18:42:43Z,672.2,16.2
TIANMU-1 14,Svalbard,2026-08-29T07:30:44Z,2026-08-29T07:37:53Z,7.1,62.4
FENGYUN 3D,Svalbard,2026-08-29T07:32:50Z,2026-08-29T07:43:38Z,10.8,72.1
TIANMU-1 14,Kiruna,2026-08-29T07:33:01Z,2026-08-29T07:39:48Z,6.8,40.8
METEOR-M2 2,Svalbard,2026-08-29T07:34:00Z,2026-08-29T07:44:41Z,10.7,80.0
FENGYUN 3D,Kiruna,2026-08-29T07:34:29Z,2026-08-29T07:42:45Z,8.3,23.0
TIANMU-1 11,Svalbard,2026-08-29T07:35:10Z,2026-08-29T07:42:17Z,7.1,62.7
METEOR-M2 2,Kiruna,2026-08-29T07:35:57Z,2026-08-29T07:44:40Z,8.7,26.5
TIANMU-1 11,Kiruna,2026-08-29T07:37:27Z,2026-08-29T07:44:11Z,6.7,40.2
NOAA 20 (JPSS-1),Kiruna,2026-08-29T07:40:17Z,2026-08-29T07:49:02Z,8.7,25.8
NOAA 20 (JPSS-1),Svalbard,2026-08-29T07:40:44Z,2026-08-29T07:51:31Z,10.8,70.1
METOP-SGA1,Svalbard,2026-08-29T07:43:32Z,2026-08-29T07:52:50Z,9.3,28.7
CYGFM01,Hawaii,2026-08-29T07:45:22Z,2026-08-29T07:50:40Z,5.3,24.5
TIANMU-1 08,Svalbard,2026-08-29T07:46:10Z,2026-08-29T07:52:24Z,6.2,27.3
METOP-SGA1,Kiruna,2026-08-29T07:46:23Z,2026-08-29T07:56:01Z,9.6,32.5
TIANMU-1 10,Hawaii,2026-08-29T07:47:25Z,2026-08-29T07:51:55Z,4.5,16.1
TIANMU-1 08,Kiruna,2026-08-29T07:48:33Z,2026-08-29T07:55:22Z,6.8,42.2
METOP-B,Hawaii,2026-08-29T07:49:02Z,2026-08-29T07:57:51Z,8.8,26.2
METEOR-M2 3,Svalbard,2026-08-29T07:52:32Z,2026-08-29T08:02:13Z,9.7,33.5
FENGYUN 3F,Hawaii,2026-08-29T07:53:19Z,2026-08-29T08:03:41Z,10.4,51.3
TIANMU-1 13,Svalbard,2026-08-29T07:54:33Z,2026-08-29T08:01:45Z,7.2,73.4
METEOR-M2 3,Kiruna,2026-08-29T07:55:12Z,2026-08-29T08:05:24Z,10.2,43.6
TIANMU-1 13,Kiruna,2026-08-29T07:56:53Z,2026-08-29T08:03:20Z,6.4,31.8
SENTINEL-3B,Hawaii,2026-08-29T08:02:44Z,2026-08-29T08:13:14Z,10.5,82.2
FENGYUN 3H,Kiruna,2026-08-29T08:06:35Z,2026-08-29T08:15:41Z,9.1,28.6
FENGYUN 3H,Svalbard,2026-08-29T08:07:27Z,2026-08-29T08:18:15Z,10.8,73.0
TIANMU-1 10,Svalbard,2026-08-29T08:08:30Z,2026-08-29T08:15:01Z,6.5,32.1
TIANMU-1 10,Kiruna,2026-08-29T08:10:49Z,2026-08-29T08:17:52Z,7.1,59.0
METOP-C,Hawaii,2026-08-29T08:11:43Z,2026-08-29T08:21:17Z,9.6,33.6
METOP-B,Svalbard,2026-08-29T08:12:14Z,2026-08-29T08:22:23Z,10.1,40.4
METOP-B,Kiruna,2026-08-29T08:14:45Z,2026-08-29T08:25:25Z,10.7,62.1
FENGYUN 3F,Svalbard,2026-08-29T08:16:51Z,2026-08-29T08:26:03Z,9.2,27.6
DMSP 5D-3 F18 (USA 210),Svalbard,2026-08-29T08:17:33Z,2026-08-29T08:28:25Z,10.9,68.7
FENGYUN 3C,Svalbard,2026-08-29T08:18:12Z,2026-08-29T08:29:01Z,10.8,63.6
DMSP 5D-3 F18 (USA 210),Kiruna,2026-08-29T08:18:59Z,2026-08-29T08:27:07Z,8.1,22.0
FENGYUN 3C,Kiruna,2026-08-29T08:19:15Z,2026-08-29T08:27:06Z,7.9,20.7
FENGYUN 3F,Kiruna,2026-08-29T08:19:46Z,2026-08-29T08:29:13Z,9.5,30.0
NOAA 21 (JPSS-2),Kiruna,2026-08-29T08:24:13Z,2026-08-29T08:33:46Z,9.5,33.0
NOAA 21 (JPSS-2),Svalbard,2026-08-29T08:25:31Z,2026-08-29T08:36:22Z,10.8,78.3
SENTINEL-3B,Svalbard,2026-08-29T08:26:30Z,2026-08-29T08:35:46Z,9.3,29.9
METEOR-M2 4,Svalbard,2026-08-29T08:27:20Z,2026-08-29T08:38:00Z,10.7,66.2
METEOR-M2 4,Kiruna,2026-08-29T08:27:28Z,2026-08-29T08:35:39Z,8.2,22.8
SENTINEL-3B,Kiruna,2026-08-29T08:29:15Z,2026-08-29T08:38:58Z,9.7,35.6
TIANMU-1 07,Svalbard,2026-08-29T08:33:59Z,2026-08-29T08:40:46Z,6.8,39.8
METOP-C,Svalbard,2026-08-29T08:35:16Z,2026-08-29T08:45:18Z,10.0,38.2
TIANMU-1 07,Kiruna,2026-08-29T08:36:15Z,2026-08-29T08:43:24Z,7.1,89.9
METOP-C,Kiruna,2026-08-29T08:37:48Z,2026-08-29T08:48:24Z,10.6,55.9
FENGYUN 3B,Svalbard,2026-08-29T08:38:18Z,2026-08-29T08:49:05Z,10.8,50.2
FENGYUN 3E,Svalbard,2026-08-29T08:40:07Z,2026-08-29T08:50:57Z,10.8,76.8
FENGYUN 3A,Kiruna,2026-08-29T08:40:21Z,2026-08-29T08:50:06Z,9.7,35.0
FENGYUN 3B,Kiruna,2026-08-29T08:40:40Z,2026-08-29T08:51:48Z,11.1,89.3
SENTINEL-3A,Hawaii,2026-08-29T08:41:23Z,2026-08-29T08:50:55Z,9.5,35.4
FENGYUN 3A,Svalbard,2026-08-29T08:41:48Z,2026-08-29T08:52:43Z,10.9,80.2
FENGYUN 3E,Kiruna,2026-08-29T08:42:03Z,2026-08-29T08:50:45Z,8.7,25.5
TIANMU-1 12,Svalbard,2026-08-29T08:42:50Z,2026-08-29T08:50:01Z,7.2,79.1
METEOR-M 2,Svalbard,2026-08-29T08:45:03Z,2026-08-29T08:55:41Z,10.6,63.1
TIANMU-1 12,Kiruna,2026-08-29T08:45:20Z,2026-08-29T08:50:33Z,5.2,19.3
METEOR-M 2,Kiruna,2026-08-29T08:45:53Z,2026-08-29T08:53:35Z,7.7,20.5
DMSP 5D-3 F17 (USA 191),Svalbard,2026-08-29T08:53:43Z,2026-08-29T09:04:43Z,11.0,76.2
TIANMU-1 09,Svalbard,2026-08-29T08:53:59Z,2026-08-29T09:00:57Z,7.0,48.6
DMSP 5D-3 F17 (USA 191),Kiruna,2026-08-29T08:55:37Z,2026-08-29T09:04:27Z,8.8,25.6
TIANMU-1 09,Kiruna,2026-08-29T08:56:15Z,2026-08-29T09:03:19Z,7.1,62.9
SUOMI NPP,Kiruna,2026-08-29T09:00:00Z,2026-08-29T09:09:57Z,10.0,39.2
SUOMI NPP,Svalbard,2026-08-29T09:01:43Z,2026-08-29T09:12:34Z,10.9,85.1
TIANMU-1 14,Svalbard,2026-08-29T09:04:18Z,2026-08-29T09:11:27Z,7.1,68.2
SENTINEL-3A,Svalbard,2026-08-29T09:04:54Z,2026-08-29T09:14:44Z,9.8,37.2
TIANMU-1 14,Kiruna,2026-08-29T09:06:56Z,2026-08-29T09:11:24Z,4.5,15.8
SENTINEL-3A,Kiruna,2026-08-29T09:07:27Z,2026-08-29T09:17:50Z,10.4,54.0
DMSP 5D-3 F16 (USA 172),Svalbard,2026-08-29T09:07:31Z,2026-08-29T09:18:37Z,11.1,86.0
TIANMU-1 11,Svalbard,2026-08-29T09:08:42Z,2026-08-29T09:15:49Z,7.1,67.8
DMSP 5D-3 F16 (USA 172),Kiruna,2026-08-29T09:09:36Z,2026-08-29T09:19:34Z,10.0,36.1
TIANMU-1 11,Kiruna,2026-08-29T09:11:21Z,2026-08-29T09:15:44Z,4.4,15.6
FENGYUN 3D,Svalbard,2026-08-29T09:12:56Z,2026-08-29T09:23:40Z,10.7,67.3
FENGYUN 3D,Kiruna,2026-08-29T09:13:23Z,2026-08-29T09:21:32Z,8.1,22.4
METEOR-M2 2,Svalbard,2026-08-29T09:13:52Z,2026-08-29T09:24:26Z,10.6,66.5
METEOR-M2 2,Kiruna,2026-08-29T09:15:04Z,2026-08-29T09:22:46Z,7.7,20.8
NOAA 20 (JPSS-1),Kiruna,2026-08-29T09:18:52Z,2026-08-29T09:29:11Z,10.3,47.3
TIANMU-1 08,Svalbard,2026-08-29T09:19:35Z,2026-08-29T09:26:40Z,7.1,59.1
NOAA 20 (JPSS-1),Svalbard,2026-08-29T09:20:57Z,2026-08-29T09:31:50Z,10.9,87.7
TIANMU-1 08,Kiruna,2026-08-29T09:21:53Z,2026-08-29T09:28:42Z,6.8,44.6
METOP-SGA1,Svalbard,2026-08-29T09:24:10Z,2026-08-29T09:34:39Z,10.5,50.3
METOP-SGA1,Kiruna,2026-08-29T09:26:33Z,2026-08-29T09:37:21Z,10.8,89.9
TIANMU-1 13,Svalbard,2026-08-29T09:28:05Z,2026-08-29T09:35:12Z,7.1,60.9
TIANMU-1 13,Kiruna,2026-08-29T09:30:52Z,2026-08-29T09:34:35Z,3.7,13.7
METEOR-M2 3,Svalbard,2026-08-29T09:32:57Z,2026-08-29T09:43:32Z,10.6,58.8
METEOR-M2 3,Kiruna,2026-08-29T09:35:16Z,2026-08-29T09:45:54Z,10.6,69.6
FENGYUN 3F,Hawaii,2026-08-29T09:37:05Z,2026-08-29T09:40:20Z,3.3,11.3
TIANMU-1 10,Svalbard,2026-08-29T09:41:55Z,2026-08-29T09:49:04Z,7.1,70.0
TIANMU-1 10,Kiruna,2026-08-29T09:44:15Z,2026-08-29T09:50:46Z,6.5,34.2
FENGYUN 3H,Kiruna,2026-08-29T09:45:21Z,2026-08-29T09:55:56Z,10.6,57.5
FENGYUN 3H,Svalbard,2026-08-29T09:47:44Z,2026-08-29T09:58:37Z,10.9,80.7
METOP-B,Svalbard,2026-08-29T09:52:47Z,2026-08-29T10:03:32Z,10.8,69.7
METOP-B,Kiruna,2026-08-29T09:55:02Z,2026-08-29T10:05:25Z,10.4,52.0
FENGYUN 3F,Svalbard,2026-08-29T09:57:35Z,2026-08-29T10:08:04Z,10.5,48.2
FENGYUN 3C,Kiruna,2026-08-29T09:57:54Z,2026-08-29T10:06:52Z,9.0,26.7
DMSP 5D-3 F18 (USA 210),Svalbard,2026-08-29T09:57:57Z,2026-08-29T10:08:48Z,10.8,68.2
DMSP 5D-3 F18 (USA 210),Kiruna,2026-08-29T09:58:00Z,2026-08-29T10:06:28Z,8.5,23.8
FENGYUN 3C,Svalbard,2026-08-29T09:58:31Z,2026-08-29T10:09:25Z,10.9,69.8
FENGYUN 3F,Kiruna,2026-08-29T10:00:00Z,2026-08-29T10:10:51Z,10.9,84.0
NOAA 21 (JPSS-2),Kiruna,2026-08-29T10:03:20Z,2026-08-29T10:14:06Z,10.8,72.3
METEOR-M2 4,Kiruna,2026-08-29T10:05:40Z,2026-08-29T10:15:26Z,9.8,36.9
NOAA 21 (JPSS-2),Svalbard,2026-08-29T10:05:58Z,2026-08-29T10:16:49Z,10.8,72.1
SENTINEL-3B,Svalbard,2026-08-29T10:06:44Z,2026-08-29T10:17:06Z,10.4,52.8
METEOR-M2 4,Svalbard,2026-08-29T10:07:16Z,2026-08-29T10:18:03Z,10.8,82.6
TIANMU-1 07,Svalbard,2026-08-29T10:07:24Z,2026-08-29T10:14:34Z,7.2,85.3
SENTINEL-3B,Kiruna,2026-08-29T10:09:05Z,2026-08-29T10:19:41Z,10.6,82.2
TIANMU-1 07,Kiruna,2026-08-29T10:09:48Z,2026-08-29T10:15:46Z,6.0,25.4
METOP-C,Svalbard,2026-08-29T10:15:49Z,2026-08-29T10:26:33Z,10.7,66.4
TIANMU-1 12,Svalbard,2026-08-29T10:16:17Z,2026-08-29T10:23:13Z,6.9,48.7
METOP-C,Kiruna,2026-08-29T10:18:05Z,2026-08-29T10:28:36Z,10.5,56.7
FENGYUN 3B,Svalbard,2026-08-29T10:19:14Z,2026-08-29T10:30:21Z,11.1,81.3
FENGYUN 3A,Kiruna,2026-08-29T10:19:35Z,2026-08-29T10:30:28Z,10.9,78.1
TIANMU-1 12,Kiruna,2026-08-29T10:19:56Z,2026-08-29T10:20:39Z,0.7,10.1
FENGYUN 3E,Svalbard,2026-08-29T10:20:17Z,2026-08-29T10:31:00Z,10.7,65.2
FENGYUN 3B,Kiruna,2026-08-29T10:21:22Z,2026-08-29T10:31:36Z,10.2,40.1
FENGYUN 3E,Kiruna,2026-08-29T10:21:22Z,2026-08-29T10:29:12Z,7.8,20.9
FENGYUN 3A,Svalbard,2026-08-29T10:22:18Z,2026-08-29T10:33:11Z,10.9,69.4
METEOR-M 2,Kiruna,2026-08-29T10:24:05Z,2026-08-29T10:33:07Z,9.0,28.3
METEOR-M 2,Svalbard,2026-08-29T10:24:58Z,2026-08-29T10:35:42Z,10.7,72.1
TIANMU-1 20,Svalbard,2026-08-29T10:26:58Z,2026-08-29T10:29:00Z,2.0,11.0
TIANMU-1 09,Svalbard,2026-08-29T10:27:24Z,2026-08-29T10:34:33Z,7.2,81.5
TIANMU-1 09,Kiruna,2026-08-29T10:29:53Z,2026-08-29T10:35:14Z,5.3,20.2
TIANMU-1 21,Svalbard,2026-08-29T10:32:57Z,2026-08-29T10:33:54Z,0.9,10.2
DMSP 5D-3 F17 (USA 191),Svalbard,2026-08-29T10:34:12Z,2026-08-29T10:45:06Z,10.9,65.5
DMSP 5D-3 F17 (USA 191),Kiruna,2026-08-29T10:35:13Z,2026-08-29T10:43:16Z,8.1,21.4
TIANMU-1 14,Svalbard,2026-08-29T10:37:41Z,2026-08-29T10:44:35Z,6.9,45.2
SUOMI NPP,Kiruna,2026-08-29T10:39:28Z,2026-08-29T10:50:20Z,10.9,89.3
TIANMU-1 11,Svalbard,2026-08-29T10:42:04Z,2026-08-29T10:48:56Z,6.9,45.0
SUOMI NPP,Svalbard,2026-08-29T10:42:19Z,2026-08-29T10:53:05Z,10.8,63.1
TIANMU-1 22,Hawaii,2026-08-29T10:45:02Z,2026-08-29T10:49:05Z,4.1,14.8
SENTINEL-3A,Svalbard,2026-08-29T10:45:05Z,2026-08-29T10:55:39Z,10.6,65.2
SENTINEL-3A,Kiruna,2026-08-29T10:47:22Z,2026-08-29T10:57:43Z,10.4,57.5
DMSP 5D-3 F16 (USA 172),Svalbard,2026-08-29T10:48:11Z,2026-08-29T10:59:12Z,11.0,72.1
FENGYUN 3A,Hawaii,2026-08-29T10:49:23Z,2026-08-29T10:53:32Z,4.2,12.2
DMSP 5D-3 F16 (USA 172),Kiruna,2026-08-29T10:49:48Z,2026-08-29T10:58:18Z,8.5,23.5
FENGYUN 3D,Kiruna,2026-08-29T10:51:45Z,2026-08-29T11:01:17Z,9.5,33.1
TIANMU-1 08,Svalbard,2026-08-29T10:52:59Z,2026-08-29T11:00:06Z,7.1,70.4
FENGYUN 3D,Svalbard,2026-08-29T10:53:00Z,2026-08-29T11:03:51Z,10.8,79.7
METEOR-M2 2,Kiruna,2026-08-29T10:53:14Z,2026-08-29T11:01:46Z,8.5,25.2
METEOR-M2 2,Svalbard,2026-08-29T10:53:36Z,2026-08-29T11:04:12Z,10.6,70.2
TIANMU-1 19,Svalbard,2026-08-29T10:53:40Z,2026-08-29T10:57:29Z,3.8,13.9
TIANMU-1 08,Kiruna,2026-08-29T10:55:36Z,2026-08-29T11:00:13Z,4.6,16.5
TIANMU-1 19,Kiruna,2026-08-29T10:57:00Z,2026-08-29T10:59:50Z,2.8,11.9
FENGYUN 3G,Hawaii,2026-08-29T10:58:34Z,2026-08-29T11:05:01Z,6.4,63.0
NOAA 20 (JPSS-1),Kiruna,2026-08-29T10:58:47Z,2026-08-29T11:09:36Z,10.8,70.6
TIANMU-1 13,Svalbard,2026-08-29T11:01:26Z,2026-08-29T11:08:17Z,6.9,43.3
NOAA 20 (JPSS-1),Svalbard,2026-08-29T11:01:45Z,2026-08-29T11:12:24Z,10.6,55.2
METOP-SGA1,Svalbard,2026-08-29T11:04:38Z,2026-08-29T11:15:27Z,10.8,82.7
TIANMU-1 22,Svalbard,2026-08-29T11:05:43Z,2026-08-29T11:10:03Z,4.3,15.3
METOP-SGA1,Kiruna,2026-08-29T11:06:49Z,2026-08-29T11:16:41Z,9.9,38.6
SUOMI NPP,Hawaii,2026-08-29T11:07:38Z,2026-08-29T11:15:05Z,7.4,19.1
TIANMU-1 22,Kiruna,2026-08-29T11:08:43Z,2026-08-29T11:12:43Z,4.0,14.4
METEOR-M2 3,Svalbard,2026-08-29T11:13:11Z,2026-08-29T11:23:56Z,10.8,88.1
TIANMU-1 10,Svalbard,2026-08-29T11:15:17Z,2026-08-29T11:22:21Z,7.1,62.5
METEOR-M2 3,Kiruna,2026-08-29T11:15:19Z,2026-08-29T11:24:39Z,9.3,31.8
TIANMU-1 10,Kiruna,2026-08-29T11:18:02Z,2026-08-29T11:21:55Z,3.9,14.2
FENGYUN 3H,Kiruna,2026-08-29T11:25:41Z,2026-08-29T11:36:19Z,10.6,55.3
NOAA 20 (JPSS-1),Hawaii,2026-08-29T11:25:42Z,2026-08-29T11:35:32Z,9.8,36.6
FENGYUN 3H,Svalbard,2026-08-29T11:28:42Z,2026-08-29T11:39:12Z,10.5,48.7
METOP-B,Svalbard,2026-08-29T11:33:07Z,2026-08-29T11:43:54Z,10.8,79.5
METOP-B,Kiruna,2026-08-29T11:35:09Z,2026-08-29T11:43:59Z,8.8,26.9
DMSP 5D-3 F18 (USA 210),Kiruna,2026-08-29T11:36:44Z,2026-08-29T11:46:45Z,10.0,38.8
FENGYUN 3C,Kiruna,2026-08-29T11:36:48Z,2026-08-29T11:47:22Z,10.6,50.8
TIANMU-1 20,Hawaii,2026-08-29T11:37:12Z,2026-08-29T11:44:04Z,6.9,78.9
FENGYUN 3F,Svalbard,2026-08-29T11:38:11Z,2026-08-29T11:49:03Z,10.9,80.0
DMSP 5D-3 F18 (USA 210),Svalbard,2026-08-29T11:38:24Z,2026-08-29T11:49:22Z,11.0,85.0
FENGYUN 3C,Svalbard,2026-08-29T11:39:02Z,2026-08-29T11:50:03Z,11.0,86.6
FENGYUN 3F,Kiruna,2026-08-29T11:40:22Z,2026-08-29T11:50:26Z,10.1,41.1
TIANMU-1 07,Svalbard,2026-08-29T11:40:43Z,2026-08-29T11:47:43Z,7.0,54.3
TIANMU-1 21,Hawaii,2026-08-29T11:42:42Z,2026-08-29T11:49:28Z,6.8,78.3
TIANMU-1 07,Kiruna,2026-08-29T11:43:46Z,2026-08-29T11:46:26Z,2.7,11.8
NOAA 21 (JPSS-2),Kiruna,2026-08-29T11:44:13Z,2026-08-29T11:54:29Z,10.3,42.2
METEOR-M2 4,Kiruna,2026-08-29T11:44:50Z,2026-08-29T11:55:37Z,10.8,85.0
SENTINEL-3B,Svalbard,2026-08-29T11:46:49Z,2026-08-29T11:57:28Z,10.6,86.0
NOAA 21 (JPSS-2),Svalbard,2026-08-29T11:47:12Z,2026-08-29T11:57:29Z,10.3,42.2
METEOR-M2 4,Svalbard,2026-08-29T11:47:37Z,2026-08-29T11:58:21Z,10.7,65.8
SENTINEL-3B,Kiruna,2026-08-29T11:48:59Z,2026-08-29T11:58:31Z,9.5,35.5
TIANMU-1 12,Svalbard,2026-08-29T11:49:30Z,2026-08-29T11:56:17Z,6.8,41.2
FENGYUN 3H,Hawaii,2026-08-29T11:51:56Z,2026-08-29T12:02:37Z,10.7,70.4
METOP-C,Svalbard,2026-08-29T11:56:10Z,2026-08-29T12:06:58Z,10.8,82.0
METOP-C,Kiruna,2026-08-29T11:58:13Z,2026-08-29T12:07:15Z,9.0,28.3
TIANMU-1 20,Svalbard,2026-08-29T11:59:28Z,2026-08-29T12:05:02Z,5.6,21.9
FENGYUN 3E,Kiruna,2026-08-29T11:59:47Z,2026-08-29T12:08:36Z,8.8,26.3
FENGYUN 3B,Svalbard,2026-08-29T11:59:55Z,2026-08-29T12:10:57Z,11.0,74.2
FENGYUN 3E,Svalbard,2026-08-29T12:00:19Z,2026-08-29T12:11:06Z,10.8,70.5
FENGYUN 3A,Kiruna,2026-08-29T12:00:39Z,2026-08-29T12:10:48Z,10.2,38.8
TIANMU-1 09,Svalbard,2026-08-29T12:00:40Z,2026-08-29T12:07:35Z,6.9,49.1
FENGYUN 3B,Kiruna,2026-08-29T12:01:39Z,2026-08-29T12:10:21Z,8.7,24.5
TIANMU-1 20,Kiruna,2026-08-29T12:01:54Z,2026-08-29T12:08:05Z,6.2,28.8
METEOR-M 2,Kiruna,2026-08-29T12:02:45Z,2026-08-29T12:13:17Z,10.5,57.4
FENGYUN 3A,Svalbard,2026-08-29T12:03:36Z,2026-08-29T12:13:52Z,10.3,40.4
TIANMU-1 09,Kiruna,2026-08-29T12:04:13Z,2026-08-29T12:05:18Z,1.1,10.3
TIANMU-1 21,Svalbard,2026-08-29T12:04:55Z,2026-08-29T12:10:15Z,5.3,20.5
TIANMU-1 19,Hawaii,2026-08-29T12:04:58Z,2026-08-29T12:10:38Z,5.7,23.4
METEOR-M 2,Svalbard,2026-08-29T12:05:09Z,2026-08-29T12:15:59Z,10.8,81.3
TIANMU-1 21,Kiruna,2026-08-29T12:07:23Z,2026-08-29T12:13:17Z,5.9,25.8
NOAA 21 (JPSS-2),Hawaii,2026-08-29T12:10:06Z,2026-08-29T12:20:41Z,10.6,61.2
TIANMU-1 14,Svalbard,2026-08-29T12:10:51Z,2026-08-29T12:17:39Z,6.8,41.6
METEOR-M2 4,Hawaii,2026-08-29T12:13:29Z,2026-08-29T12:19:47Z,6.3,15.8
DMSP 5D-3 F17 (USA 191),Kiruna,2026-08-29T12:13:57Z,2026-08-29T12:23:02Z,9.1,27.3
DMSP 5D-3 F17 (USA 191),Svalbard,2026-08-29T12:14:34Z,2026-08-29T12:25:33Z,11.0,71.4
TIANMU-1 11,Svalbard,2026-08-29T12:15:12Z,2026-08-29T12:21:59Z,6.8,41.5
TIANMU-1 22,Hawaii,2026-08-29T12:17:52Z,2026-08-29T12:22:03Z,4.2,15.1
SUOMI NPP,Kiruna,2026-08-29T12:20:57Z,2026-08-29T12:30:37Z,9.7,32.3
SUOMI NPP,Svalbard,2026-08-29T12:23:48Z,2026-08-29T12:33:46Z,10.0,36.3
SENTINEL-3A,Svalbard,2026-08-29T12:25:06Z,2026-08-29T12:35:43Z,10.6,82.5
TIANMU-1 08,Svalbard,2026-08-29T12:26:11Z,2026-08-29T12:33:03Z,6.9,45.4
FENGYUN 3A,Hawaii,2026-08-29T12:26:31Z,2026-08-29T12:36:50Z,10.3,48.6
TIANMU-1 19,Svalbard,2026-08-29T12:26:40Z,2026-08-29T12:32:50Z,6.2,27.8
SENTINEL-3A,Kiruna,2026-08-29T12:27:10Z,2026-08-29T12:36:02Z,8.9,28.1
DMSP 5D-3 F16 (USA 172),Svalbard,2026-08-29T12:28:39Z,2026-08-29T12:39:36Z,11.0,67.6
TIANMU-1 19,Kiruna,2026-08-29T12:28:59Z,2026-08-29T12:35:47Z,6.8,46.4
DMSP 5D-3 F16 (USA 172),Kiruna,2026-08-29T12:29:03Z,2026-08-29T12:37:28Z,8.4,23.0
FENGYUN 3D,Kiruna,2026-08-29T12:30:48Z,2026-08-29T12:41:34Z,10.8,71.2
METEOR-M2 2,Kiruna,2026-08-29T12:31:27Z,2026-08-29T12:41:33Z,10.1,45.4
FENGYUN 3D,Svalbard,2026-08-29T12:33:25Z,2026-08-29T12:44:15Z,10.8,71.4
METEOR-M2 2,Svalbard,2026-08-29T12:33:27Z,2026-08-29T12:44:11Z,10.7,88.3
TIANMU-1 13,Svalbard,2026-08-29T12:34:33Z,2026-08-29T12:41:23Z,6.8,42.7
TIANMU-1 22,Svalbard,2026-08-29T12:38:50Z,2026-08-29T12:45:13Z,6.4,30.9
NOAA 20 (JPSS-1),Kiruna,2026-08-29T12:40:55Z,2026-08-29T12:49:45Z,8.8,25.0
TIANMU-1 22,Kiruna,2026-08-29T12:41:08Z,2026-08-29T12:48:05Z,7.0,57.5
NOAA 20 (JPSS-1),Svalbard,2026-08-29T12:43:30Z,2026-08-29T12:53:08Z,9.6,31.6
METOP-SGA1,Svalbard,2026-08-29T12:44:52Z,2026-08-29T12:55:36Z,10.7,71.9
SUOMI NPP,Hawaii,2026-08-29T12:46:43Z,2026-08-29T12:56:10Z,9.4,32.2
METOP-SGA1,Kiruna,2026-08-29T12:46:43Z,2026-08-29T12:54:58Z,8.3,23.1
TIANMU-1 10,Svalbard,2026-08-29T12:48:26Z,2026-08-29T12:55:15Z,6.8,43.2
METEOR-M2 3,Svalbard,2026-08-29T12:53:11Z,2026-08-29T13:03:48Z,10.6,67.4
METEOR-M2 3,Kiruna,2026-08-29T12:54:51Z,2026-08-29T13:02:40Z,7.8,21.2
NOAA 20 (JPSS-1),Hawaii,2026-08-29T13:07:05Z,2026-08-29T13:13:51Z,6.8,17.1
FENGYUN 3H,Kiruna,2026-08-29T13:08:31Z,2026-08-29T13:16:15Z,7.7,19.6
FENGYUN 3H,Svalbard,2026-08-29T13:10:42Z,2026-08-29T13:19:56Z,9.2,27.9
METOP-B,Svalbard,2026-08-29T13:13:13Z,2026-08-29T13:23:52Z,10.6,65.0
TIANMU-1 07,Svalbard,2026-08-29T13:13:49Z,2026-08-29T13:20:35Z,6.8,41.2
METOP-B,Kiruna,2026-08-29T13:14:32Z,2026-08-29T13:22:14Z,7.7,20.5
ARKTIKA-M 2,Kiruna,2026-08-29T13:15:04Z,2026-08-29T23:30:56Z,615.9,69.5
DMSP 5D-3 F18 (USA 210),Kiruna,2026-08-29T13:16:29Z,2026-08-29T13:27:26Z,10.9,88.7
FENGYUN 3C,Kiruna,2026-08-29T13:17:09Z,2026-08-29T13:28:04Z,10.9,64.9
FENGYUN 3F,Svalbard,2026-08-29T13:18:33Z,2026-08-29T13:29:21Z,10.8,73.4
DMSP 5D-3 F18 (USA 210),Svalbard,2026-08-29T13:19:19Z,2026-08-29T13:30:11Z,10.9,63.8
FENGYUN 3C,Svalbard,2026-08-29T13:20:10Z,2026-08-29T13:30:55Z,10.8,53.9
FENGYUN 3F,Kiruna,2026-08-29T13:20:25Z,2026-08-29T13:28:51Z,8.4,23.9
ARKTIKA-M 2,Svalbard,2026-08-29T13:22:04Z,2026-08-29T23:23:14Z,601.2,68.4
TIANMU-1 12,Svalbard,2026-08-29T13:22:33Z,2026-08-29T13:29:29Z,6.9,48.2
TIANMU-1 12,Kiruna,2026-08-29T13:22:50Z,2026-08-29T13:26:10Z,3.3,12.9
METEOR-M2 4,Kiruna,2026-08-29T13:25:56Z,2026-08-29T13:35:43Z,9.8,34.8
SENTINEL-3B,Svalbard,2026-08-29T13:26:41Z,2026-08-29T13:37:13Z,10.5,69.8
NOAA 21 (JPSS-2),Kiruna,2026-08-29T13:28:00Z,2026-08-29T13:34:05Z,6.1,15.0
SENTINEL-3B,Kiruna,2026-08-29T13:28:29Z,2026-08-29T13:36:23Z,7.9,21.9
METEOR-M2 4,Svalbard,2026-08-29T13:28:49Z,2026-08-29T13:38:50Z,10.0,37.9
NOAA 21 (JPSS-2),Svalbard,2026-08-29T13:29:31Z,2026-08-29T13:38:16Z,8.7,24.3
TIANMU-1 20,Svalbard,2026-08-29T13:32:38Z,2026-08-29T13:39:24Z,6.8,46.6
TIANMU-1 09,Svalbard,2026-08-29T13:33:42Z,2026-08-29T13:40:27Z,6.7,40.5
TIANMU-1 20,Kiruna,2026-08-29T13:34:52Z,2026-08-29T13:41:46Z,6.9,63.3
METOP-C,Svalbard,2026-08-29T13:36:17Z,2026-08-29T13:46:57Z,10.7,65.8
METOP-C,Kiruna,2026-08-29T13:37:43Z,2026-08-29T13:45:28Z,7.8,20.7
TIANMU-1 21,Svalbard,2026-08-29T13:37:54Z,2026-08-29T13:44:32Z,6.6,43.4
FENGYUN 3E,Kiruna,2026-08-29T13:38:23Z,2026-08-29T13:48:45Z,10.4,48.9
TIANMU-1 21,Kiruna,2026-08-29T13:40:08Z,2026-08-29T13:47:00Z,6.9,70.4
FENGYUN 3B,Svalbard,2026-08-29T13:40:23Z,2026-08-29T13:51:20Z,11.0,67.0
FENGYUN 3E,Svalbard,2026-08-29T13:40:31Z,2026-08-29T13:51:24Z,10.9,86.6
FENGYUN 3B,Kiruna,2026-08-29T13:41:03Z,2026-08-29T13:49:19Z,8.3,22.3
METEOR-M 2,Kiruna,2026-08-29T13:43:00Z,2026-08-29T13:53:35Z,10.6,54.9
TIANMU-1 14,Kiruna,2026-08-29T13:43:32Z,2026-08-29T13:47:49Z,4.3,15.3
FENGYUN 3C,Hawaii,2026-08-29T13:43:49Z,2026-08-29T13:54:14Z,10.4,50.1
TIANMU-1 14,Svalbard,2026-08-29T13:43:54Z,2026-08-29T13:50:55Z,7.0,52.9
FENGYUN 3A,Kiruna,2026-08-29T13:44:48Z,2026-08-29T13:50:15Z,5.4,13.8
DMSP 5D-3 F18 (USA 210),Hawaii,2026-08-29T13:44:57Z,2026-08-29T13:52:04Z,7.1,17.6
FENGYUN 3A,Svalbard,2026-08-29T13:46:01Z,2026-08-29T13:54:40Z,8.6,23.4
METEOR-M 2,Svalbard,2026-08-29T13:46:01Z,2026-08-29T13:56:29Z,10.5,48.9
TIANMU-1 11,Kiruna,2026-08-29T13:47:51Z,2026-08-29T13:52:09Z,4.3,15.3
TIANMU-1 11,Svalbard,2026-08-29T13:48:15Z,2026-08-29T13:55:14Z,7.0,53.1
METEOR-M2 4,Hawaii,2026-08-29T13:51:40Z,2026-08-29T14:01:29Z,9.8,38.1
DMSP 5D-3 F17 (USA 191),Kiruna,2026-08-29T13:52:55Z,2026-08-29T14:03:33Z,10.6,51.4
DMSP 5D-3 F17 (USA 191),Svalbard,2026-08-29T13:55:08Z,2026-08-29T14:06:13Z,11.1,85.3
TIANMU-1 08,Svalbard,2026-08-29T13:59:10Z,2026-08-29T14:05:55Z,6.7,40.6
TIANMU-1 19,Svalbard,2026-08-29T13:59:56Z,2026-08-29T14:06:55Z,7.0,60.7
TIANMU-1 19,Kiruna,2026-08-29T14:02:12Z,2026-08-29T14:08:51Z,6.6,40.6
SENTINEL-3A,Svalbard,2026-08-29T14:04:51Z,2026-08-29T14:15:21Z,10.5,65.4
SUOMI NPP,Kiruna,2026-08-29T14:06:12Z,2026-08-29T14:09:21Z,3.1,11.1
SENTINEL-3A,Kiruna,2026-08-29T14:06:21Z,2026-08-29T14:13:53Z,7.5,20.3
SUOMI NPP,Svalbard,2026-08-29T14:06:27Z,2026-08-29T14:14:34Z,8.1,21.1
TIANMU-1 13,Kiruna,2026-08-29T14:06:46Z,2026-08-29T14:11:45Z,5.0,18.0
TIANMU-1 13,Svalbard,2026-08-29T14:07:38Z,2026-08-29T14:14:42Z,7.1,58.4
DMSP 5D-3 F16 (USA 172),Kiruna,2026-08-29T14:07:47Z,2026-08-29T14:17:35Z,9.8,34.0
DMSP 5D-3 F16 (USA 172),Svalbard,2026-08-29T14:09:05Z,2026-08-29T14:20:09Z,11.1,80.1
METEOR-M 2,Hawaii,2026-08-29T14:09:12Z,2026-08-29T14:19:50Z,10.6,74.4
METEOR-M2 2,Kiruna,2026-08-29T14:10:56Z,2026-08-29T14:21:36Z,10.7,73.7
FENGYUN 3D,Kiruna,2026-08-29T14:11:35Z,2026-08-29T14:21:53Z,10.3,43.3
TIANMU-1 22,Svalbard,2026-08-29T14:12:09Z,2026-08-29T14:19:12Z,7.0,67.6
METEOR-M2 2,Svalbard,2026-08-29T14:13:52Z,2026-08-29T14:24:23Z,10.5,55.8
TIANMU-1 22,Kiruna,2026-08-29T14:14:27Z,2026-08-29T14:20:54Z,6.4,34.5
FENGYUN 3D,Svalbard,2026-08-29T14:14:36Z,2026-08-29T14:24:52Z,10.3,42.0
TIANMU-1 10,Svalbard,2026-08-29T14:21:22Z,2026-08-29T14:28:09Z,6.8,41.4
METOP-SGA1,Svalbard,2026-08-29T14:24:53Z,2026-08-29T14:35:31Z,10.6,64.1
METOP-SGA1,Kiruna,2026-08-29T14:25:42Z,2026-08-29T14:33:28Z,7.8,20.8
NOAA 20 (JPSS-1),Svalbard,2026-08-29T14:26:28Z,2026-08-29T14:33:56Z,7.5,18.5
METEOR-M2 3,Svalbard,2026-08-29T14:32:58Z,2026-08-29T14:43:33Z,10.6,64.3
METEOR-M2 3,Kiruna,2026-08-29T14:33:22Z,2026-08-29T14:41:15Z,7.9,21.5
FENGYUN 3D,Hawaii,2026-08-29T14:37:31Z,2026-08-29T14:48:11Z,10.7,71.3
METEOR-M2 2,Hawaii,2026-08-29T14:38:01Z,2026-08-29T14:47:14Z,9.2,30.5
TIANMU-1 07,Svalbard,2026-08-29T14:46:42Z,2026-08-29T14:53:31Z,6.8,43.3
TIANMU-1 07,Kiruna,2026-08-29T14:48:15Z,2026-08-29T14:49:34Z,1.3,10.4
TIANMU-1 03,Svalbard,2026-08-29T14:49:28Z,2026-08-29T14:51:48Z,2.3,11.5
METOP-B,Kiruna,2026-08-29T14:52:57Z,2026-08-29T15:01:21Z,8.4,24.1
METOP-B,Svalbard,2026-08-29T14:53:09Z,2026-08-29T15:03:49Z,10.7,67.5
TIANMU-1 12,Kiruna,2026-08-29T14:53:57Z,2026-08-29T15:00:13Z,6.3,29.0
FENGYUN 3H,Svalbard,2026-08-29T14:53:57Z,2026-08-29T15:00:43Z,6.8,16.5
TIANMU-1 12,Svalbard,2026-08-29T14:55:45Z,2026-08-29T15:02:56Z,7.2,77.8
DMSP 5D-3 F18 (USA 210),Kiruna,2026-08-29T14:58:13Z,2026-08-29T15:08:03Z,9.8,33.4
FENGYUN 3F,Svalbard,2026-08-29T14:58:41Z,2026-08-29T15:09:23Z,10.7,64.4
FENGYUN 3F,Kiruna,2026-08-29T14:59:36Z,2026-08-29T15:07:24Z,7.8,20.8
FENGYUN 3C,Kiruna,2026-08-29T14:59:50Z,2026-08-29T15:08:29Z,8.7,23.2
TIANMU-1 16,Svalbard,2026-08-29T15:00:38Z,2026-08-29T15:03:24Z,2.8,11.8
DMSP 5D-3 F18 (USA 210),Svalbard,2026-08-29T15:01:05Z,2026-08-29T15:11:11Z,10.1,36.9
TIANMU-1 04,Hawaii,2026-08-29T15:01:43Z,2026-08-29T15:07:12Z,5.5,26.3
FENGYUN 3C,Svalbard,2026-08-29T15:02:17Z,2026-08-29T15:11:58Z,9.7,30.9
TIANMU-1 20,Svalbard,2026-08-29T15:05:49Z,2026-08-29T15:12:49Z,7.0,83.6
SENTINEL-3B,Svalbard,2026-08-29T15:06:19Z,2026-08-29T15:16:46Z,10.5,63.5
TIANMU-1 09,Svalbard,2026-08-29T15:06:34Z,2026-08-29T15:13:27Z,6.9,46.1
SENTINEL-3B,Kiruna,2026-08-29T15:07:02Z,2026-08-29T15:14:36Z,7.6,20.5
TIANMU-1 09,Kiruna,2026-08-29T15:07:10Z,2026-08-29T15:09:59Z,2.8,12.0
TIANMU-1 20,Kiruna,2026-08-29T15:08:17Z,2026-08-29T15:13:29Z,5.2,19.9
METEOR-M2 4,Kiruna,2026-08-29T15:10:27Z,2026-08-29T15:14:37Z,4.2,12.1
TIANMU-1 21,Svalbard,2026-08-29T15:10:57Z,2026-08-29T15:17:52Z,6.9,87.5
METEOR-M2 4,Svalbard,2026-08-29T15:11:09Z,2026-08-29T15:19:25Z,8.3,21.9
NOAA 21 (JPSS-2),Svalbard,2026-08-29T15:13:09Z,2026-08-29T15:19:03Z,5.9,14.6
TIANMU-1 21,Kiruna,2026-08-29T15:13:23Z,2026-08-29T15:18:41Z,5.3,21.0
TIANMU-1 06,Hawaii,2026-08-29T15:13:34Z,2026-08-29T15:19:29Z,5.9,35.6
TIANMU-1 14,Kiruna,2026-08-29T15:15:03Z,2026-08-29T15:21:45Z,6.7,38.5
METOP-C,Kiruna,2026-08-29T15:16:11Z,2026-08-29T15:24:29Z,8.3,23.3
METOP-C,Svalbard,2026-08-29T15:16:13Z,2026-08-29T15:26:54Z,10.7,66.6
TIANMU-1 14,Svalbard,2026-08-29T15:17:12Z,2026-08-29T15:24:24Z,7.2,89.6
FENGYUN 3E,Kiruna,2026-08-29T15:18:20Z,2026-08-29T15:29:08Z,10.8,67.7
TIANMU-1 11,Kiruna,2026-08-29T15:19:22Z,2026-08-29T15:26:04Z,6.7,38.9
FENGYUN 3B,Kiruna,2026-08-29T15:19:46Z,2026-08-29T15:29:16Z,9.5,30.9
TIANMU-1 15,Svalbard,2026-08-29T15:19:54Z,2026-08-29T15:23:30Z,3.6,13.2
FENGYUN 3B,Svalbard,2026-08-29T15:20:47Z,2026-08-29T15:31:49Z,11.0,76.6
FENGYUN 3E,Svalbard,2026-08-29T15:21:19Z,2026-08-29T15:31:57Z,10.6,54.1
TIANMU-1 11,Svalbard,2026-08-29T15:21:32Z,2026-08-29T15:28:42Z,7.2,89.1
TIANMU-1 18,Hawaii,2026-08-29T15:22:18Z,2026-08-29T15:26:27Z,4.1,14.9
TIANMU-1 04,Svalbard,2026-08-29T15:23:25Z,2026-08-29T15:27:26Z,4.0,15.3
TIANMU-1 15,Kiruna,2026-08-29T15:23:50Z,2026-08-29T15:25:15Z,1.4,10.4
DMSP 5D-3 F18 (USA 210),Hawaii,2026-08-29T15:23:58Z,2026-08-29T15:33:52Z,9.9,36.0
METEOR-M 2,Kiruna,2026-08-29T15:25:45Z,2026-08-29T15:33:26Z,7.7,19.5
TIANMU-1 04,Kiruna,2026-08-29T15:26:04Z,2026-08-29T15:30:21Z,4.3,16.4
FENGYUN 3C,Hawaii,2026-08-29T15:26:56Z,2026-08-29T15:31:08Z,4.2,12.3
METEOR-M 2,Svalbard,2026-08-29T15:27:54Z,2026-08-29T15:37:07Z,9.2,27.9
FENGYUN 3A,Svalbard,2026-08-29T15:29:45Z,2026-08-29T15:35:27Z,5.7,14.2
TIANMU-1 08,Kiruna,2026-08-29T15:31:55Z,2026-08-29T15:35:46Z,3.8,14.1
TIANMU-1 08,Svalbard,2026-08-29T15:32:02Z,2026-08-29T15:38:58Z,6.9,50.1
TIANMU-1 19,Svalbard,2026-08-29T15:33:11Z,2026-08-29T15:40:11Z,7.0,69.1
DMSP 5D-3 F17 (USA 191),Kiruna,2026-08-29T15:33:18Z,2026-08-29T15:44:17Z,11.0,64.8
TIANMU-1 06,Svalbard,2026-08-29T15:35:28Z,2026-08-29T15:39:45Z,4.3,16.3
TIANMU-1 19,Kiruna,2026-08-29T15:35:49Z,2026-08-29T15:40:07Z,4.3,15.6
DMSP 5D-3 F17 (USA 191),Svalbard,2026-08-29T15:36:19Z,2026-08-29T15:47:08Z,10.8,53.2
TIANMU-1 05,Hawaii,2026-08-29T15:36:52Z,2026-08-29T15:43:13Z,6.4,67.1
TIANMU-1 06,Kiruna,2026-08-29T15:38:02Z,2026-08-29T15:42:44Z,4.7,18.4
TIANMU-1 13,Kiruna,2026-08-29T15:38:38Z,2026-08-29T15:45:37Z,7.0,51.0
TIANMU-1 13,Svalbard,2026-08-29T15:41:02Z,2026-08-29T15:48:14Z,7.2,77.9
TIANMU-1 18,Svalbard,2026-08-29T15:42:59Z,2026-08-29T15:47:30Z,4.5,15.7
SENTINEL-3A,Svalbard,2026-08-29T15:44:26Z,2026-08-29T15:54:55Z,10.5,65.5
SENTINEL-3A,Kiruna,2026-08-29T15:44:30Z,2026-08-29T15:52:30Z,8.0,22.4
FENGYUN 3E,Hawaii,2026-08-29T15:45:07Z,2026-08-29T15:55:10Z,10.1,41.0
TIANMU-1 22,Svalbard,2026-08-29T15:45:25Z,2026-08-29T15:52:24Z,7.0,64.1
TIANMU-1 18,Kiruna,2026-08-29T15:46:00Z,2026-08-29T15:50:11Z,4.2,14.7
DMSP 5D-3 F16 (USA 172),Kiruna,2026-08-29T15:47:14Z,2026-08-29T15:58:14Z,11.0,72.8
TIANMU-1 22,Kiruna,2026-08-29T15:48:08Z,2026-08-29T15:51:59Z,3.9,14.2
DMSP 5D-3 F16 (USA 172),Svalbard,2026-08-29T15:49:53Z,2026-08-29T16:00:56Z,11.1,71.3
SUOMI NPP,Svalbard,2026-08-29T15:50:27Z,2026-08-29T15:55:17Z,4.8,12.9
TIANMU-1 17,Hawaii,2026-08-29T15:51:03Z,2026-08-29T15:57:52Z,6.8,44.9
METEOR-M2 2,Kiruna,2026-08-29T15:52:34Z,2026-08-29T16:01:25Z,8.8,25.9
TIANMU-1 10,Kiruna,2026-08-29T15:53:36Z,2026-08-29T15:58:13Z,4.6,16.5
TIANMU-1 10,Svalbard,2026-08-29T15:54:14Z,2026-08-29T16:01:15Z,7.0,54.9
FENGYUN 3D,Kiruna,2026-08-29T15:55:14Z,2026-08-29T16:01:29Z,6.3,15.4
METEOR-M2 2,Svalbard,2026-08-29T15:55:14Z,2026-08-29T16:04:44Z,9.5,31.8
FENGYUN 3D,Svalbard,2026-08-29T15:56:52Z,2026-08-29T16:05:36Z,8.7,24.2
TIANMU-1 05,Svalbard,2026-08-29T15:59:00Z,2026-08-29T16:04:01Z,5.0,20.2
TIANMU-1 03,Hawaii,2026-08-29T15:59:22Z,2026-08-29T16:04:55Z,5.6,27.0
DMSP 5D-3 F17 (USA 191),Hawaii,2026-08-29T16:00:04Z,2026-08-29T16:10:28Z,10.4,47.4
TIANMU-1 05,Kiruna,2026-08-29T16:01:22Z,2026-08-29T16:07:03Z,5.7,27.4
METOP-SGA1,Kiruna,2026-08-29T16:03:55Z,2026-08-29T16:12:58Z,9.1,28.6
METOP-SGA1,Svalbard,2026-08-29T16:04:48Z,2026-08-29T16:15:33Z,10.7,73.1
NOAA 20 (JPSS-1),Svalbard,2026-08-29T16:10:53Z,2026-08-29T16:14:33Z,3.7,11.6
TIANMU-1 16,Hawaii,2026-08-29T16:11:23Z,2026-08-29T16:18:28Z,7.1,71.4
METEOR-M2 3,Kiruna,2026-08-29T16:11:24Z,2026-08-29T16:20:50Z,9.4,33.0
METEOR-M2 3,Svalbard,2026-08-29T16:12:45Z,2026-08-29T16:23:27Z,10.7,78.1
TIANMU-1 17,Svalbard,2026-08-29T16:13:12Z,2026-08-29T16:18:35Z,5.4,19.6
TIANMU-1 17,Kiruna,2026-08-29T16:15:48Z,2026-08-29T16:21:35Z,5.8,22.4
TIANMU-1 07,Kiruna,2026-08-29T16:18:24Z,2026-08-29T16:23:49Z,5.4,20.7
METEOR-M2 2,Hawaii,2026-08-29T16:18:26Z,2026-08-29T16:25:56Z,7.5,19.9
TIANMU-1 07,Svalbard,2026-08-29T16:19:37Z,2026-08-29T16:26:41Z,7.1,63.1
TIANMU-1 03,Svalbard,2026-08-29T16:21:07Z,2026-08-29T16:26:32Z,5.4,23.7
TIANMU-1 03,Kiruna,2026-08-29T16:23:24Z,2026-08-29T16:29:31Z,6.1,38.1
TIANMU-1 12,Kiruna,2026-08-29T16:26:43Z,2026-08-29T16:33:54Z,7.2,75.4
TIANMU-1 12,Svalbard,2026-08-29T16:29:29Z,2026-08-29T16:36:31Z,7.0,52.1
TIANMU-1 15,Hawaii,2026-08-29T16:31:03Z,2026-08-29T16:37:39Z,6.6,36.3
METOP-B,Kiruna,2026-08-29T16:31:17Z,2026-08-29T16:41:20Z,10.0,42.1
METOP-B,Svalbard,2026-08-29T16:33:11Z,2026-08-29T16:43:59Z,10.8,87.4
TIANMU-1 16,Svalbard,2026-08-29T16:33:43Z,2026-08-29T16:39:36Z,5.9,23.1
TIANMU-1 16,Kiruna,2026-08-29T16:36:10Z,2026-08-29T16:42:38Z,6.5,30.8
TIANMU-1 09,Kiruna,2026-08-29T16:37:53Z,2026-08-29T16:43:55Z,6.0,26.1
FENGYUN 3F,Kiruna,2026-08-29T16:37:56Z,2026-08-29T16:46:57Z,9.0,27.8
FENGYUN 3F,Svalbard,2026-08-29T16:38:42Z,2026-08-29T16:49:30Z,10.8,72.1
FENGYUN 3H,Svalbard,2026-08-29T16:38:44Z,2026-08-29T16:41:10Z,2.4,10.7
TIANMU-1 20,Svalbard,2026-08-29T16:38:53Z,2026-08-29T16:45:39Z,6.8,49.8
TIANMU-1 09,Svalbard,2026-08-29T16:39:32Z,2026-08-29T16:46:40Z,7.1,72.6
TIANMU-1 20,Kiruna,2026-08-29T16:42:37Z,2026-08-29T16:43:09Z,0.5,10.1
DMSP 5D-3 F18 (USA 210),Kiruna,2026-08-29T16:43:33Z,2026-08-29T16:47:17Z,3.7,11.6
TIANMU-1 21,Svalbard,2026-08-29T16:43:53Z,2026-08-29T16:50:35Z,6.7,51.0
DMSP 5D-3 F18 (USA 210),Svalbard,2026-08-29T16:44:02Z,2026-08-29T16:52:18Z,8.3,21.4
SENTINEL-3B,Kiruna,2026-08-29T16:44:52Z,2026-08-29T16:53:51Z,9.0,29.2
FENGYUN 3C,Svalbard,2026-08-29T16:45:37Z,2026-08-29T16:53:06Z,7.5,18.3
SENTINEL-3B,Svalbard,2026-08-29T16:45:53Z,2026-08-29T16:56:27Z,10.6,74.0
TIANMU-1 21,Kiruna,2026-08-29T16:47:25Z,2026-08-29T16:48:26Z,1.0,10.3
TIANMU-1 14,Kiruna,2026-08-29T16:48:19Z,2026-08-29T16:55:20Z,7.0,51.0
TIANMU-1 14,Svalbard,2026-08-29T16:51:07Z,2026-08-29T16:58:01Z,6.9,42.6
TIANMU-1 12,Hawaii,2026-08-29T16:51:53Z,2026-08-29T16:57:43Z,5.8,23.8
TIANMU-1 11,Kiruna,2026-08-29T16:52:38Z,2026-08-29T16:59:37Z,7.0,50.1
TIANMU-1 15,Svalbard,2026-08-29T16:53:11Z,2026-08-29T16:59:21Z,6.2,26.1
METOP-C,Kiruna,2026-08-29T16:54:29Z,2026-08-29T17:04:24Z,9.9,39.3
METEOR-M2 4,Svalbard,2026-08-29T16:54:50Z,2026-08-29T16:59:57Z,5.1,13.3
TIANMU-1 18,Hawaii,2026-08-29T16:55:18Z,2026-08-29T16:59:49Z,4.5,16.0
TIANMU-1 04,Svalbard,2026-08-29T16:55:25Z,2026-08-29T17:01:21Z,5.9,32.4
TIANMU-1 11,Svalbard,2026-08-29T16:55:26Z,2026-08-29T17:02:18Z,6.9,42.2
TIANMU-1 15,Kiruna,2026-08-29T16:55:33Z,2026-08-29T17:02:21Z,6.8,39.3
METOP-C,Svalbard,2026-08-29T16:56:13Z,2026-08-29T17:07:02Z,10.8,84.7
TIANMU-1 04,Kiruna,2026-08-29T16:57:37Z,2026-08-29T17:04:04Z,6.5,75.6
FENGYUN 3B,Kiruna,2026-08-29T16:59:00Z,2026-08-29T17:09:50Z,10.8,62.8
FENGYUN 3E,Kiruna,2026-08-29T17:00:34Z,2026-08-29T17:09:14Z,8.7,24.0
FENGYUN 3B,Svalbard,2026-08-29T17:01:28Z,2026-08-29T17:12:32Z,11.1,76.8
TIANMU-1 08,Kiruna,2026-08-29T17:03:04Z,2026-08-29T17:09:34Z,6.5,33.9
FENGYUN 3E,Svalbard,2026-08-29T17:03:06Z,2026-08-29T17:12:40Z,9.6,30.9
TIANMU-1 08,Svalbard,2026-08-29T17:05:05Z,2026-08-29T17:12:15Z,7.2,84.3
TIANMU-1 19,Svalbard,2026-08-29T17:06:15Z,2026-08-29T17:13:00Z,6.7,45.4
TIANMU-1 06,Svalbard,2026-08-29T17:07:31Z,2026-08-29T17:13:33Z,6.0,34.7
TIANMU-1 06,Kiruna,2026-08-29T17:09:43Z,2026-08-29T17:16:12Z,6.5,86.1
METEOR-M 2,Svalbard,2026-08-29T17:11:03Z,2026-08-29T17:17:49Z,6.8,16.6
TIANMU-1 13,Kiruna,2026-08-29T17:12:22Z,2026-08-29T17:19:05Z,6.7,36.9
TIANMU-1 14,Hawaii,2026-08-29T17:12:43Z,2026-08-29T17:19:45Z,7.0,59.5
TIANMU-1 13,Svalbard,2026-08-29T17:15:08Z,2026-08-29T17:21:51Z,6.7,36.0
DMSP 5D-3 F17 (USA 191),Kiruna,2026-08-29T17:16:01Z,2026-08-29T17:24:43Z,8.7,23.3
TIANMU-1 18,Svalbard,2026-08-29T17:16:25Z,2026-08-29T17:22:57Z,6.5,31.4
TIANMU-1 11,Hawaii,2026-08-29T17:17:01Z,2026-08-29T17:24:01Z,7.0,61.6
DMSP 5D-3 F17 (USA 191),Svalbard,2026-08-29T17:18:29Z,2026-08-29T17:28:12Z,9.7,30.6
TIANMU-1 22,Svalbard,2026-08-29T17:18:29Z,2026-08-29T17:25:14Z,6.7,44.1
TIANMU-1 18,Kiruna,2026-08-29T17:18:43Z,2026-08-29T17:25:50Z,7.1,57.5
SENTINEL-3A,Kiruna,2026-08-29T17:22:24Z,2026-08-29T17:32:03Z,9.6,37.3
SENTINEL-3A,Svalbard,2026-08-29T17:24:04Z,2026-08-29T17:34:41Z,10.6,83.1
TIANMU-1 10,Kiruna,2026-08-29T17:25:06Z,2026-08-29T17:31:56Z,6.8,44.2
FENGYUN 3E,Hawaii,2026-08-29T17:26:56Z,2026-08-29T17:32:55Z,6.0,15.2
TIANMU-1 10,Svalbard,2026-08-29T17:27:23Z,2026-08-29T17:34:34Z,7.2,84.2
DMSP 5D-3 F16 (USA 172),Kiruna,2026-08-29T17:28:27Z,2026-08-29T17:38:55Z,10.5,42.8
TIANMU-1 05,Svalbard,2026-08-29T17:31:11Z,2026-08-29T17:37:28Z,6.3,44.2
DMSP 5D-3 F16 (USA 172),Svalbard,2026-08-29T17:31:27Z,2026-08-29T17:41:56Z,10.5,42.2
TIANMU-1 05,Kiruna,2026-08-29T17:33:24Z,2026-08-29T17:39:48Z,6.4,60.1
TIANMU-1 13,Hawaii,2026-08-29T17:36:28Z,2026-08-29T17:43:30Z,7.0,59.1
METEOR-M2 2,Svalbard,2026-08-29T17:37:48Z,2026-08-29T17:45:09Z,7.3,18.5
FENGYUN 3D,Svalbard,2026-08-29T17:40:29Z,2026-08-29T17:46:18Z,5.8,14.4
METOP-SGA1,Kiruna,2026-08-29T17:42:36Z,2026-08-29T17:53:07Z,10.5,57.9
DMSP 5D-3 F17 (USA 191),Hawaii,2026-08-29T17:42:50Z,2026-08-29T17:47:49Z,5.0,13.3
METOP-SGA1,Svalbard,2026-08-29T17:44:59Z,2026-08-29T17:55:48Z,10.8,80.4
TIANMU-1 17,Svalbard,2026-08-29T17:46:43Z,2026-08-29T17:53:34Z,6.8,40.3
TIANMU-1 17,Kiruna,2026-08-29T17:48:59Z,2026-08-29T17:56:10Z,7.2,86.4
METEOR-M2 3,Kiruna,2026-08-29T17:50:14Z,2026-08-29T18:00:53Z,10.7,73.5
TIANMU-1 07,Kiruna,2026-08-29T17:50:22Z,2026-08-29T17:57:27Z,7.1,65.5
METEOR-M2 3,Svalbard,2026-08-29T17:52:54Z,2026-08-29T18:03:36Z,10.7,71.5
TIANMU-1 07,Svalbard,2026-08-29T17:52:55Z,2026-08-29T18:00:03Z,7.1,68.9
TIANMU-1 03,Svalbard,2026-08-29T17:53:21Z,2026-08-29T17:59:44Z,6.4,53.4
DMSP 5D-3 F16 (USA 172),Hawaii,2026-08-29T17:54:27Z,2026-08-29T18:05:18Z,10.8,66.5
TIANMU-1 03,Kiruna,2026-08-29T17:55:35Z,2026-08-29T18:01:46Z,6.2,42.9
TIANMU-1 12,Kiruna,2026-08-29T18:01:47Z,2026-08-29T18:06:55Z,5.1,18.3
TIANMU-1 12,Svalbard,2026-08-29T18:04:06Z,2026-08-29T18:10:07Z,6.0,24.5
TIANMU-1 16,Svalbard,2026-08-29T18:07:18Z,2026-08-29T18:14:18Z,7.0,48.7
TIANMU-1 16,Kiruna,2026-08-29T18:09:33Z,2026-08-29T18:16:38Z,7.1,61.3
TIANMU-1 09,Kiruna,2026-08-29T18:10:18Z,2026-08-29T18:17:27Z,7.2,86.9
METOP-B,Kiruna,2026-08-29T18:10:50Z,2026-08-29T18:21:37Z,10.8,80.8
TIANMU-1 20,Svalbard,2026-08-29T18:11:44Z,2026-08-29T18:18:19Z,6.6,40.9
TIANMU-1 09,Svalbard,2026-08-29T18:13:00Z,2026-08-29T18:20:04Z,7.1,56.7
METOP-B,Svalbard,2026-08-29T18:13:44Z,2026-08-29T18:24:24Z,10.7,59.8
TIANMU-1 21,Svalbard,2026-08-29T18:16:35Z,2026-08-29T18:23:06Z,6.5,40.7
FENGYUN 3F,Kiruna,2026-08-29T18:16:39Z,2026-08-29T18:27:10Z,10.5,54.6
FENGYUN 3F,Svalbard,2026-08-29T18:18:58Z,2026-08-29T18:29:51Z,10.9,82.7
SENTINEL-3B,Kiruna,2026-08-29T18:23:16Z,2026-08-29T18:33:41Z,10.4,61.5
TIANMU-1 14,Kiruna,2026-08-29T18:24:18Z,2026-08-29T18:27:53Z,3.6,13.2
SENTINEL-3B,Svalbard,2026-08-29T18:25:44Z,2026-08-29T18:36:22Z,10.6,77.8
TIANMU-1 14,Svalbard,2026-08-29T18:26:02Z,2026-08-29T18:31:34Z,5.5,20.5
TIANMU-1 15,Svalbard,2026-08-29T18:26:46Z,2026-08-29T18:33:52Z,7.1,55.9
TIANMU-1 04,Svalbard,2026-08-29T18:27:38Z,2026-08-29T18:34:06Z,6.5,75.1
DMSP 5D-3 F18 (USA 210),Svalbard,2026-08-29T18:28:20Z,2026-08-29T18:33:21Z,5.0,13.1
TIANMU-1 11,Kiruna,2026-08-29T18:28:38Z,2026-08-29T18:32:07Z,3.5,13.0
TIANMU-1 15,Kiruna,2026-08-29T18:29:02Z,2026-08-29T18:35:58Z,6.9,48.2
TIANMU-1 04,Kiruna,2026-08-29T18:29:58Z,2026-08-29T18:35:27Z,5.5,25.8
FENGYUN 3C,Svalbard,2026-08-29T18:30:18Z,2026-08-29T18:34:09Z,3.8,11.7
TIANMU-1 11,Svalbard,2026-08-29T18:30:21Z,2026-08-29T18:35:50Z,5.5,20.3
METOP-C,Kiruna,2026-08-29T18:33:51Z,2026-08-29T18:44:40Z,10.8,88.2
TIANMU-1 09,Hawaii,2026-08-29T18:35:55Z,2026-08-29T18:40:46Z,4.8,17.6
TIANMU-1 08,Kiruna,2026-08-29T18:35:56Z,2026-08-29T18:43:01Z,7.1,60.0
METOP-C,Svalbard,2026-08-29T18:36:43Z,2026-08-29T18:47:25Z,10.7,63.0
METOP-B,Hawaii,2026-08-29T18:38:13Z,2026-08-29T18:47:03Z,8.8,26.4
TIANMU-1 08,Svalbard,2026-08-29T18:38:44Z,2026-08-29T18:45:40Z,6.9,46.5
TIANMU-1 19,Svalbard,2026-08-29T18:39:05Z,2026-08-29T18:45:45Z,6.7,41.6
TIANMU-1 06,Svalbard,2026-08-29T18:39:45Z,2026-08-29T18:46:15Z,6.5,79.9
FENGYUN 3B,Kiruna,2026-08-29T18:39:51Z,2026-08-29T18:50:32Z,10.7,50.7
TIANMU-1 06,Kiruna,2026-08-29T18:42:07Z,2026-08-29T18:47:26Z,5.3,23.7
FENGYUN 3B,Svalbard,2026-08-29T18:42:52Z,2026-08-29T18:53:28Z,10.6,46.3
FENGYUN 3E,Svalbard,2026-08-29T18:46:05Z,2026-08-29T18:53:26Z,7.4,18.2
TIANMU-1 18,Svalbard,2026-08-29T18:50:02Z,2026-08-29T18:57:13Z,7.2,67.8
TIANMU-1 13,Svalbard,2026-08-29T18:50:19Z,2026-08-29T18:55:21Z,5.0,17.7
TIANMU-1 22,Svalbard,2026-08-29T18:51:20Z,2026-08-29T18:58:02Z,6.7,42.3
TIANMU-1 18,Kiruna,2026-08-29T18:52:19Z,2026-08-29T18:58:56Z,6.6,35.4
METEOR-M 2,Svalbard,2026-08-29T18:55:40Z,2026-08-29T18:58:13Z,2.6,10.7
TIANMU-1 10,Kiruna,2026-08-29T18:58:25Z,2026-08-29T19:05:16Z,6.9,42.9
TIANMU-1 08,Hawaii,2026-08-29T19:00:34Z,2026-08-29T19:07:13Z,6.6,40.4
TIANMU-1 10,Svalbard,2026-08-29T19:01:12Z,2026-08-29T19:07:59Z,6.8,39.2
SENTINEL-3A,Kiruna,2026-08-29T19:01:20Z,2026-08-29T19:11:58Z,10.6,87.8
METOP-C,Hawaii,2026-08-29T19:01:47Z,2026-08-29T19:09:34Z,7.8,20.5
DMSP 5D-3 F17 (USA 191),Svalbard,2026-08-29T19:01:53Z,2026-08-29T19:09:21Z,7.5,18.2
TIANMU-1 05,Svalbard,2026-08-29T19:03:27Z,2026-08-29T19:09:58Z,6.5,83.6
SENTINEL-3A,Svalbard,2026-08-29T19:04:09Z,2026-08-29T19:14:42Z,10.5,64.4
TIANMU-1 05,Kiruna,2026-08-29T19:05:58Z,2026-08-29T19:10:33Z,4.6,18.1
FENGYUN 3B,Hawaii,2026-08-29T19:06:02Z,2026-08-29T19:17:06Z,11.1,82.4
DMSP 5D-3 F16 (USA 172),Kiruna,2026-08-29T19:12:32Z,2026-08-29T19:18:54Z,6.4,15.4
CYGFM02,Hawaii,2026-08-29T19:12:54Z,2026-08-29T19:18:44Z,5.8,47.0
DMSP 5D-3 F16 (USA 172),Svalbard,2026-08-29T19:14:07Z,2026-08-29T19:23:03Z,8.9,24.5
FENGYUN 3G,Hawaii,2026-08-29T19:14:17Z,2026-08-29T19:15:29Z,1.2,10.3
TIANMU-1 17,Svalbard,2026-08-29T19:20:19Z,2026-08-29T19:27:32Z,7.2,85.5
METEOR-M2 2,Svalbard,2026-08-29T19:21:54Z,2026-08-29T19:25:17Z,3.4,11.4
TIANMU-1 10,Hawaii,2026-08-29T19:22:38Z,2026-08-29T19:29:39Z,7.0,85.6
TIANMU-1 17,Kiruna,2026-08-29T19:22:42Z,2026-08-29T19:28:39Z,6.0,25.0
METOP-SGA1,Kiruna,2026-08-29T19:22:50Z,2026-08-29T19:33:24Z,10.6,54.4
TIANMU-1 07,Kiruna,2026-08-29T19:24:18Z,2026-08-29T19:30:37Z,6.3,28.7
TIANMU-1 03,Svalbard,2026-08-29T19:25:35Z,2026-08-29T19:32:04Z,6.5,72.3
METOP-SGA1,Svalbard,2026-08-29T19:25:51Z,2026-08-29T19:36:17Z,10.4,48.3
TIANMU-1 07,Svalbard,2026-08-29T19:26:59Z,2026-08-29T19:33:28Z,6.5,31.6
TIANMU-1 03,Kiruna,2026-08-29T19:28:16Z,2026-08-29T19:32:07Z,3.9,15.0
SENTINEL-3A,Hawaii,2026-08-29T19:29:32Z,2026-08-29T19:36:23Z,6.8,17.6
METEOR-M2 3,Kiruna,2026-08-29T19:30:52Z,2026-08-29T19:40:57Z,10.1,40.9
CYGFM03,Hawaii,2026-08-29T19:31:03Z,2026-08-29T19:36:04Z,5.0,22.3
METEOR-M2 3,Svalbard,2026-08-29T19:33:50Z,2026-08-29T19:43:58Z,10.1,41.5
TIANMU-1 12,Svalbard,2026-08-29T19:40:09Z,2026-08-29T19:43:19Z,3.2,12.4
TIANMU-1 16,Svalbard,2026-08-29T19:40:52Z,2026-08-29T19:48:04Z,7.2,82.2
TIANMU-1 16,Kiruna,2026-08-29T19:43:20Z,2026-08-29T19:48:42Z,5.4,20.2
TIANMU-1 20,Svalbard,2026-08-29T19:44:24Z,2026-08-29T19:51:07Z,6.7,46.9
TIANMU-1 09,Kiruna,2026-08-29T19:44:53Z,2026-08-29T19:50:24Z,5.5,20.7
TIANMU-1 20,Kiruna,2026-08-29T19:45:00Z,2026-08-29T19:47:39Z,2.7,11.8
CYGFM08,Hawaii,2026-08-29T19:45:41Z,2026-08-29T19:48:39Z,3.0,12.7
TIANMU-1 09,Svalbard,2026-08-29T19:47:20Z,2026-08-29T19:53:29Z,6.2,26.3
TIANMU-1 07,Hawaii,2026-08-29T19:48:25Z,2026-08-29T19:54:35Z,6.2,29.1
METOP-SGA1,Hawaii,2026-08-29T19:49:02Z,2026-08-29T19:59:41Z,10.7,72.9
TIANMU-1 21,Svalbard,2026-08-29T19:49:07Z,2026-08-29T19:55:44Z,6.6,45.4
TIANMU-1 21,Kiruna,2026-08-29T19:50:03Z,2026-08-29T19:52:05Z,2.0,11.0
METOP-B,Kiruna,2026-08-29T19:52:28Z,2026-08-29T20:01:44Z,9.3,28.6
METOP-B,Svalbard,2026-08-29T19:55:12Z,2026-08-29T20:04:59Z,9.8,34.2
METEOR-M2 3,Hawaii,2026-08-29T19:56:39Z,2026-08-29T20:07:01Z,10.4,56.0
FENGYUN 3F,Kiruna,2026-08-29T19:56:52Z,2026-08-29T20:07:33Z,10.7,58.8
CYGFM04,Hawaii,2026-08-29T19:58:41Z,2026-08-29T20:04:49Z,6.1,73.7
TIANMU-1 04,Svalbard,2026-08-29T19:59:48Z,2026-08-29T20:06:10Z,6.4,56.7
FENGYUN 3F,Svalbard,2026-08-29T19:59:53Z,2026-08-29T20:10:25Z,10.5,50.4
TIANMU-1 15,Svalbard,2026-08-29T20:00:21Z,2026-08-29T20:07:31Z,7.2,74.3
TIANMU-1 14,Svalbard,2026-08-29T20:02:49Z,2026-08-29T20:04:18Z,1.5,10.5
TIANMU-1 15,Kiruna,2026-08-29T20:02:53Z,2026-08-29T20:07:46Z,4.9,17.6
TIANMU-1 04,Kiruna,2026-08-29T20:03:01Z,2026-08-29T20:04:54Z,1.9,11.0
SENTINEL-3B,Kiruna,2026-08-29T20:03:18Z,2026-08-29T20:13:35Z,10.3,49.8
FENGYUN 3H,Svalbard,2026-08-29T20:05:29Z,2026-08-29T20:06:32Z,1.1,10.1
SENTINEL-3B,Svalbard,2026-08-29T20:06:18Z,2026-08-29T20:16:30Z,10.2,45.9
TIANMU-1 11,Svalbard,2026-08-29T20:07:12Z,2026-08-29T20:08:28Z,1.3,10.3
TIANMU-1 09,Hawaii,2026-08-29T20:09:38Z,2026-08-29T20:13:01Z,3.4,13.1
TIANMU-1 08,Kiruna,2026-08-29T20:11:18Z,2026-08-29T20:15:36Z,4.3,15.1
TIANMU-1 19,Kiruna,2026-08-29T20:11:30Z,2026-08-29T20:15:35Z,4.1,14.9
TIANMU-1 19,Svalbard,2026-08-29T20:11:50Z,2026-08-29T20:18:42Z,6.9,53.1
TIANMU-1 06,Svalbard,2026-08-29T20:11:54Z,2026-08-29T20:18:16Z,6.4,54.5
TIANMU-1 08,Svalbard,2026-08-29T20:13:19Z,2026-08-29T20:19:03Z,5.7,22.1
CYGFM07,Hawaii,2026-08-29T20:13:49Z,2026-08-29T20:20:03Z,6.2,85.4
METOP-C,Kiruna,2026-08-29T20:15:15Z,2026-08-29T20:24:49Z,9.6,31.6
TIANMU-1 06,Kiruna,2026-08-29T20:15:21Z,2026-08-29T20:16:37Z,1.3,10.4
METOP-C,Svalbard,2026-08-29T20:18:04Z,2026-08-29T20:27:59Z,9.9,36.1
METOP-B,Hawaii,2026-08-29T20:18:21Z,2026-08-29T20:26:37Z,8.3,23.3
FENGYUN 3F,Hawaii,2026-08-29T20:23:15Z,2026-08-29T20:33:49Z,10.6,60.3
FENGYUN 3B,Kiruna,2026-08-29T20:23:17Z,2026-08-29T20:30:44Z,7.4,18.2
NOAA 21 (JPSS-2),Svalbard,2026-08-29T20:23:27Z,2026-08-29T20:26:30Z,3.0,11.1
TIANMU-1 22,Kiruna,2026-08-29T20:23:28Z,2026-08-29T20:28:03Z,4.6,16.6
TIANMU-1 18,Svalbard,2026-08-29T20:23:34Z,2026-08-29T20:30:43Z,7.1,64.8
TIANMU-1 22,Svalbard,2026-08-29T20:24:07Z,2026-08-29T20:31:03Z,6.9,56.5
FENGYUN 3B,Svalbard,2026-08-29T20:25:19Z,2026-08-29T20:34:34Z,9.2,26.7
TIANMU-1 18,Kiruna,2026-08-29T20:26:15Z,2026-08-29T20:30:21Z,4.1,14.7
SENTINEL-3B,Hawaii,2026-08-29T20:29:16Z,2026-08-29T20:39:47Z,10.5,87.9
FENGYUN 3E,Svalbard,2026-08-29T20:30:32Z,2026-08-29T20:34:01Z,3.5,11.4
TIANMU-1 10,Kiruna,2026-08-29T20:34:49Z,2026-08-29T20:37:13Z,2.4,11.3
TIANMU-1 05,Svalbard,2026-08-29T20:35:36Z,2026-08-29T20:41:54Z,6.3,48.1
TIANMU-1 10,Svalbard,2026-08-29T20:36:03Z,2026-08-29T20:41:20Z,5.3,19.1
FENGYUN 3A,Svalbard,2026-08-29T20:39:39Z,2026-08-29T20:43:21Z,3.7,11.6
METOP-C,Hawaii,2026-08-29T20:41:01Z,2026-08-29T20:50:11Z,9.2,29.8
SENTINEL-3A,Kiruna,2026-08-29T20:42:14Z,2026-08-29T20:51:46Z,9.5,33.0
SENTINEL-3A,Svalbard,2026-08-29T20:45:05Z,2026-08-29T20:54:53Z,9.8,36.8
DMSP 5D-3 F17 (USA 191),Svalbard,2026-08-29T20:46:40Z,2026-08-29T20:50:23Z,3.7,11.6
FENGYUN 3G,Hawaii,2026-08-29T20:48:30Z,2026-08-29T20:54:45Z,6.3,38.8
CYGFM02,Hawaii,2026-08-29T20:50:29Z,2026-08-29T20:54:45Z,4.3,17.4
TIANMU-1 17,Svalbard,2026-08-29T20:53:48Z,2026-08-29T21:00:51Z,7.0,55.2
TIANMU-1 17,Kiruna,2026-08-29T20:56:46Z,2026-08-29T20:59:32Z,2.8,11.9
TIANMU-1 03,Svalbard,2026-08-29T20:57:41Z,2026-08-29T21:03:56Z,6.2,44.5
DMSP 5D-3 F16 (USA 172),Svalbard,2026-08-29T20:58:07Z,2026-08-29T21:04:11Z,6.1,14.7
SUOMI NPP,Svalbard,2026-08-29T20:59:44Z,2026-08-29T21:03:52Z,4.1,12.0
TIANMU-1 07,Svalbard,2026-08-29T21:02:14Z,2026-08-29T21:06:44Z,4.5,15.7
METOP-SGA1,Kiruna,2026-08-29T21:05:36Z,2026-08-29T21:13:13Z,7.6,19.3
CYGFM03,Hawaii,2026-08-29T21:07:44Z,2026-08-29T21:13:22Z,5.6,30.8
METOP-SGA1,Svalbard,2026-08-29T21:07:45Z,2026-08-29T21:16:55Z,9.2,27.6
SENTINEL-3A,Hawaii,2026-08-29T21:07:55Z,2026-08-29T21:17:15Z,9.3,33.4
TIANMU-1 16,Svalbard,2026-08-29T21:14:19Z,2026-08-29T21:21:17Z,7.0,50.3
METEOR-M2 3,Kiruna,2026-08-29T21:14:28Z,2026-08-29T21:20:11Z,5.7,14.4
TIANMU-1 20,Kiruna,2026-08-29T21:15:31Z,2026-08-29T21:21:25Z,5.9,26.1
METEOR-M2 3,Svalbard,2026-08-29T21:15:51Z,2026-08-29T21:24:26Z,8.6,23.8
TIANMU-1 20,Svalbard,2026-08-29T21:17:11Z,2026-08-29T21:24:09Z,7.0,74.9
TIANMU-1 16,Kiruna,2026-08-29T21:17:38Z,2026-08-29T21:19:07Z,1.5,10.5
NOAA 20 (JPSS-1),Svalbard,2026-08-29T21:19:00Z,2026-08-29T21:24:17Z,5.3,13.5
TIANMU-1 21,Kiruna,2026-08-29T21:20:13Z,2026-08-29T21:25:50Z,5.6,23.8
CYGFM08,Hawaii,2026-08-29T21:20:59Z,2026-08-29T21:27:07Z,6.1,54.5
TIANMU-1 21,Svalbard,2026-08-29T21:21:44Z,2026-08-29T21:28:36Z,6.9,71.2
TIANMU-1 09,Svalbard,2026-08-29T21:22:58Z,2026-08-29T21:26:36Z,3.6,13.3
TIANMU-1 04,Svalbard,2026-08-29T21:31:46Z,2026-08-29T21:37:54Z,6.1,40.3
TIANMU-1 15,Svalbard,2026-08-29T21:33:45Z,2026-08-29T21:40:41Z,6.9,47.6
CYGFM04,Hawaii,2026-08-29T21:37:06Z,2026-08-29T21:40:41Z,3.6,14.4
METOP-B,Svalbard,2026-08-29T21:37:52Z,2026-08-29T21:45:39Z,7.8,19.9
FENGYUN 3F,Kiruna,2026-08-29T21:39:30Z,2026-08-29T21:47:33Z,8.0,20.8
FENGYUN 3F,Svalbard,2026-08-29T21:41:48Z,2026-08-29T21:51:09Z,9.3,28.8
TIANMU-1 19,Kiruna,2026-08-29T21:42:40Z,2026-08-29T21:49:13Z,6.5,37.8
TIANMU-1 06,Svalbard,2026-08-29T21:43:52Z,2026-08-29T21:50:00Z,6.1,39.9
TIANMU-1 19,Svalbard,2026-08-29T21:44:48Z,2026-08-29T21:51:51Z,7.0,88.7
FENGYUN 3H,Svalbard,2026-08-29T21:45:34Z,2026-08-29T21:51:50Z,6.3,15.3
SENTINEL-3B,Kiruna,2026-08-29T21:45:58Z,2026-08-29T21:52:56Z,7.0,17.5
SENTINEL-3B,Svalbard,2026-08-29T21:47:55Z,2026-08-29T21:56:45Z,8.8,26.1
TIANMU-1 08,Svalbard,2026-08-29T21:49:31Z,2026-08-29T21:51:52Z,2.4,11.3
CYGFM07,Hawaii,2026-08-29T21:52:34Z,2026-08-29T21:55:53Z,3.3,13.5
TIANMU-1 22,Kiruna,2026-08-29T21:54:54Z,2026-08-29T22:01:39Z,6.8,45.2
TIANMU-1 18,Svalbard,2026-08-29T21:56:55Z,2026-08-29T22:03:49Z,6.9,44.9
TIANMU-1 22,Svalbard,2026-08-29T21:57:12Z,2026-08-29T22:04:16Z,7.1,81.2
FENGYUN 3C,Svalbard,2026-08-29T21:58:06Z,2026-08-29T21:59:39Z,1.5,10.3
METOP-C,Kiruna,2026-08-29T22:00:33Z,2026-08-29T22:03:17Z,2.7,10.9
METOP-C,Svalbard,2026-08-29T22:00:36Z,2026-08-29T22:08:39Z,8.1,20.9
METEOR-M2 4,Svalbard,2026-08-29T22:03:48Z,2026-08-29T22:07:34Z,3.8,11.7
NOAA 21 (JPSS-2),Svalbard,2026-08-29T22:04:01Z,2026-08-29T22:11:07Z,7.1,17.4
TIANMU-1 05,Svalbard,2026-08-29T22:07:32Z,2026-08-29T22:13:40Z,6.1,39.0
CYGFM05,Hawaii,2026-08-29T22:08:24Z,2026-08-29T22:14:37Z,6.2,52.1
NOAA 21 (JPSS-2),Kiruna,2026-08-29T22:08:38Z,2026-08-29T22:12:34Z,3.9,11.8
FENGYUN 3B,Svalbard,2026-08-29T22:09:02Z,2026-08-29T22:15:41Z,6.6,16.0
FENGYUN 3A,Svalbard,2026-08-29T22:20:19Z,2026-08-29T22:27:45Z,7.4,18.3
METEOR-M 2,Svalbard,2026-08-29T22:21:58Z,2026-08-29T22:23:35Z,1.6,10.3
FENGYUN 3A,Kiruna,2026-08-29T22:24:33Z,2026-08-29T22:29:39Z,5.1,13.2
SENTINEL-3A,Kiruna,2026-08-29T22:26:49Z,2026-08-29T22:30:05Z,3.3,11.3
TIANMU-1 17,Svalbard,2026-08-29T22:27:04Z,2026-08-29T22:33:54Z,6.8,42.7
SENTINEL-3A,Svalbard,2026-08-29T22:27:11Z,2026-08-29T22:35:10Z,8.0,21.2
TIANMU-1 03,Svalbard,2026-08-29T22:29:34Z,2026-08-29T22:35:41Z,6.1,39.0
CYGFM01,Hawaii,2026-08-29T22:35:19Z,2026-08-29T22:41:38Z,6.3,79.4
NOAA 20 (JPSS-1),Hawaii,2026-08-29T22:38:02Z,2026-08-29T22:45:38Z,7.6,20.0
SUOMI NPP,Svalbard,2026-08-29T22:40:23Z,2026-08-29T22:48:07Z,7.7,19.5
SUOMI NPP,Kiruna,2026-08-29T22:44:11Z,2026-08-29T22:50:29Z,6.3,15.5
TIANMU-1 16,Svalbard,2026-08-29T22:47:31Z,2026-08-29T22:54:21Z,6.8,42.1
TIANMU-1 20,Kiruna,2026-08-29T22:47:46Z,2026-08-29T22:54:44Z,7.0,84.1
TIANMU-1 20,Svalbard,2026-08-29T22:50:28Z,2026-08-29T22:57:20Z,6.9,53.9
METOP-SGA1,Svalbard,2026-08-29T22:50:54Z,2026-08-29T22:57:35Z,6.7,16.4
FENGYUN 3D,Svalbard,2026-08-29T22:51:19Z,2026-08-29T22:53:06Z,1.8,10.4
TIANMU-1 21,Kiruna,2026-08-29T22:52:09Z,2026-08-29T22:59:02Z,6.9,86.0
TIANMU-1 21,Svalbard,2026-08-29T22:54:49Z,2026-08-29T23:01:37Z,6.8,57.2
METEOR-M2 3,Svalbard,2026-08-29T22:59:12Z,2026-08-29T23:04:53Z,5.7,14.3
NOAA 20 (JPSS-1),Svalbard,2026-08-29T22:59:44Z,2026-08-29T23:08:08Z,8.4,22.3
CYGFM08,Hawaii,2026-08-29T23:01:09Z,2026-08-29T23:01:50Z,0.7,10.1
NOAA 20 (JPSS-1),Kiruna,2026-08-29T23:03:04Z,2026-08-29T23:10:59Z,7.9,20.3
FENGYUN 3H,Hawaii,2026-08-29T23:03:16Z,2026-08-29T23:13:01Z,9.7,36.4
TIANMU-1 04,Svalbard,2026-08-29T23:03:32Z,2026-08-29T23:09:41Z,6.1,40.7
TIANMU-1 15,Svalbard,2026-08-29T23:06:56Z,2026-08-29T23:13:45Z,6.8,42.2
TIANMU-1 20,Hawaii,2026-08-29T23:13:19Z,2026-08-29T23:18:00Z,4.7,17.0
TIANMU-1 19,Kiruna,2026-08-29T23:15:37Z,2026-08-29T23:22:28Z,6.9,50.5
TIANMU-1 06,Svalbard,2026-08-29T23:15:38Z,2026-08-29T23:21:48Z,6.2,41.4
TIANMU-1 21,Hawaii,2026-08-29T23:18:23Z,2026-08-29T23:21:33Z,3.2,12.7
TIANMU-1 19,Svalbard,2026-08-29T23:18:25Z,2026-08-29T23:25:08Z,6.7,41.6
NOAA 21 (JPSS-2),Hawaii,2026-08-29T23:21:02Z,2026-08-29T23:31:43Z,10.7,71.0
METOP-B,Svalbard,2026-08-29T23:21:53Z,2026-08-29T23:26:13Z,4.3,12.3
FENGYUN 3F,Svalbard,2026-08-29T23:24:59Z,2026-08-29T23:31:56Z,7.0,17.0
FENGYUN 3H,Svalbard,2026-08-29T23:26:21Z,2026-08-29T23:35:18Z,8.9,25.6
TIANMU-1 22,Kiruna,2026-08-29T23:28:10Z,2026-08-29T23:34:52Z,6.7,40.9
FENGYUN 3H,Kiruna,2026-08-29T23:29:23Z,2026-08-29T23:38:23Z,9.0,26.2
TIANMU-1 18,Svalbard,2026-08-29T23:30:03Z,2026-08-29T23:36:54Z,6.9,43.1
SENTINEL-3B,Svalbard,2026-08-29T23:30:49Z,2026-08-29T23:37:01Z,6.2,15.5
TIANMU-1 22,Svalbard,2026-08-29T23:30:57Z,2026-08-29T23:37:35Z,6.6,37.4
FENGYUN 3A,Hawaii,2026-08-29T23:37:14Z,2026-08-29T23:48:01Z,10.8,87.9
DMSP 5D-3 F18 (USA 210),Svalbard,2026-08-29T23:38:42Z,2026-08-29T23:42:52Z,4.2,12.0
FENGYUN 3C,Svalbard,2026-08-29T23:38:50Z,2026-08-29T23:45:02Z,6.2,15.1
TIANMU-1 05,Svalbard,2026-08-29T23:39:18Z,2026-08-29T23:45:33Z,6.3,44.8
TIANMU-1 19,Hawaii,2026-08-29T23:39:58Z,2026-08-29T23:46:48Z,6.8,54.5
TIANMU-1 05,Kiruna,2026-08-29T23:40:23Z,2026-08-29T23:41:40Z,1.3,10.4
METEOR-M2 4,Svalbard,2026-08-29T23:44:13Z,2026-08-29T23:51:43Z,7.5,18.7
METOP-C,Svalbard,2026-08-29T23:44:28Z,2026-08-29T23:49:15Z,4.8,12.8
NOAA 21 (JPSS-2),Svalbard,2026-08-29T23:44:50Z,2026-08-29T23:54:16Z,9.4,29.4
CYGFM05,Hawaii,2026-08-29T23:46:40Z,2026-08-29T23:51:14Z,4.6,18.0
NOAA 21 (JPSS-2),Kiruna,2026-08-29T23:47:39Z,2026-08-29T23:57:28Z,9.8,34.0
METEOR-M2 4,Kiruna,2026-08-29T23:48:13Z,2026-08-29T23:53:52Z,5.6,14.2
TIANMU-1 22,Hawaii,2026-08-29T23:52:18Z,2026-08-29T23:59:16Z,7.0,86.0
FENGYUN 3B,Svalbard,2026-08-29T23:54:23Z,2026-08-29T23:56:24Z,2.0,10.4
SUOMI NPP,Hawaii,2026-08-29T23:57:13Z,2026-08-30T00:07:49Z,10.6,61.0
TIANMU-1 17,Svalbard,2026-08-30T00:00:08Z,2026-08-30T00:07:03Z,6.9,45.7
FENGYUN 3A,Svalbard,2026-08-30T00:01:08Z,2026-08-30T00:10:47Z,9.6,31.1
TIANMU-1 17,Kiruna,2026-08-30T00:01:11Z,2026-08-30T00:03:28Z,2.3,11.3
TIANMU-1 03,Svalbard,2026-08-30T00:01:20Z,2026-08-30T00:07:38Z,6.3,48.4
TIANMU-1 03,Kiruna,2026-08-30T00:01:32Z,2026-08-30T00:04:14Z,2.7,12.1
METEOR-M 2,Svalbard,2026-08-30T00:02:10Z,2026-08-30T00:08:31Z,6.4,15.6
FENGYUN 3A,Kiruna,2026-08-30T00:03:54Z,2026-08-30T00:13:59Z,10.1,37.4
SENTINEL-3A,Svalbard,2026-08-30T00:10:38Z,2026-08-30T00:15:21Z,4.7,12.8
CYGFM01,Hawaii,2026-08-30T00:14:35Z,2026-08-30T00:17:29Z,2.9,12.5
DMSP 5D-3 F17 (USA 191),Svalbard,2026-08-30T00:15:04Z,2026-08-30T00:15:32Z,0.5,10.0
NOAA 20 (JPSS-1),Hawaii,2026-08-30T00:17:02Z,2026-08-30T00:26:27Z,9.4,31.2
TIANMU-1 16,Svalbard,2026-08-30T00:20:35Z,2026-08-30T00:27:32Z,7.0,48.8
TIANMU-1 16,Kiruna,2026-08-30T00:20:54Z,2026-08-30T00:24:15Z,3.3,12.9
SUOMI NPP,Svalbard,2026-08-30T00:21:11Z,2026-08-30T00:30:57Z,9.8,33.4
TIANMU-1 20,Kiruna,2026-08-30T00:22:13Z,2026-08-30T00:27:25Z,5.2,19.5
SUOMI NPP,Kiruna,2026-08-30T00:23:50Z,2026-08-30T00:34:09Z,10.3,43.5
TIANMU-1 20,Svalbard,2026-08-30T00:24:38Z,2026-08-30T00:30:31Z,5.9,24.8
TIANMU-1 21,Kiruna,2026-08-30T00:26:13Z,2026-08-30T00:31:39Z,5.4,21.4
TIANMU-1 21,Svalbard,2026-08-30T00:28:44Z,2026-08-30T00:34:39Z,5.9,26.0
METEOR-M2 2,Svalbard,2026-08-30T00:29:15Z,2026-08-30T00:33:41Z,4.4,12.4
FENGYUN 3D,Svalbard,2026-08-30T00:31:29Z,2026-08-30T00:38:09Z,6.7,16.3
TIANMU-1 04,Kiruna,2026-08-30T00:34:26Z,2026-08-30T00:38:41Z,4.3,16.6
TIANMU-1 04,Svalbard,2026-08-30T00:35:17Z,2026-08-30T00:41:40Z,6.4,58.5
METOP-SGA1,Svalbard,2026-08-30T00:35:39Z,2026-08-30T00:37:51Z,2.2,10.5
FENGYUN 3D,Kiruna,2026-08-30T00:36:41Z,2026-08-30T00:39:01Z,2.3,10.6
TIANMU-1 15,Kiruna,2026-08-30T00:39:51Z,2026-08-30T00:43:51Z,4.0,14.4
TIANMU-1 15,Svalbard,2026-08-30T00:39:59Z,2026-08-30T00:46:59Z,7.0,51.8
NOAA 20 (JPSS-1),Svalbard,2026-08-30T00:40:32Z,2026-08-30T00:50:38Z,10.1,38.6
NOAA 20 (JPSS-1),Kiruna,2026-08-30T00:43:04Z,2026-08-30T00:53:44Z,10.7,57.1
FENGYUN 3H,Hawaii,2026-08-30T00:44:54Z,2026-08-30T00:51:35Z,6.7,16.7
TIANMU-1 06,Kiruna,2026-08-30T00:46:22Z,2026-08-30T00:50:54Z,4.5,17.9
TIANMU-1 20,Hawaii,2026-08-30T00:46:46Z,2026-08-30T00:50:06Z,3.3,13.0
TIANMU-1 06,Svalbard,2026-08-30T00:47:24Z,2026-08-30T00:53:49Z,6.4,61.4
TIANMU-1 21,Hawaii,2026-08-30T00:50:23Z,2026-08-30T00:54:55Z,4.5,16.8
TIANMU-1 19,Kiruna,2026-08-30T00:51:18Z,2026-08-30T00:54:37Z,3.3,12.8
TIANMU-1 19,Svalbard,2026-08-30T00:53:01Z,2026-08-30T00:58:20Z,5.3,19.9
FENGYUN 3C,Hawaii,2026-08-30T00:57:18Z,2026-08-30T01:06:30Z,9.2,28.2
METEOR-M2 4,Hawaii,2026-08-30T01:00:56Z,2026-08-30T01:11:33Z,10.6,76.1
TIANMU-1 18,Kiruna,2026-08-30T01:02:24Z,2026-08-30T01:07:14Z,4.8,17.3
TIANMU-1 18,Svalbard,2026-08-30T01:03:07Z,2026-08-30T01:10:12Z,7.1,57.5
TIANMU-1 22,Kiruna,2026-08-30T01:04:45Z,2026-08-30T01:06:27Z,1.7,10.7
TIANMU-1 22,Svalbard,2026-08-30T01:05:46Z,2026-08-30T01:10:48Z,5.0,18.2
FENGYUN 3H,Svalbard,2026-08-30T01:07:06Z,2026-08-30T01:17:28Z,10.4,44.7
FENGYUN 3H,Kiruna,2026-08-30T01:09:33Z,2026-08-30T01:20:22Z,10.8,74.1
TIANMU-1 05,Kiruna,2026-08-30T01:09:35Z,2026-08-30T01:14:55Z,5.3,23.6
FENGYUN 3F,Svalbard,2026-08-30T01:09:38Z,2026-08-30T01:12:27Z,2.8,10.9
TIANMU-1 05,Svalbard,2026-08-30T01:11:10Z,2026-08-30T01:17:40Z,6.5,73.3
DMSP 5D-3 F18 (USA 210),Svalbard,2026-08-30T01:19:41Z,2026-08-30T01:27:28Z,7.8,19.4
METEOR-M 2,Hawaii,2026-08-30T01:19:45Z,2026-08-30T01:29:33Z,9.8,37.3
FENGYUN 3C,Svalbard,2026-08-30T01:19:57Z,2026-08-30T01:28:52Z,8.9,24.9
DMSP 5D-3 F18 (USA 210),Kiruna,2026-08-30T01:23:31Z,2026-08-30T01:29:50Z,6.3,15.3
